address_id,address,city,postal_code,country,last_update
1,"47 MySakila Drive",Lethbridge,NULL,Canada,"2006-02-15 04:45:30"
2,"28 MySQL Boulevard",Woodridge,NULL,Australia,"2006-02-15 04:45:30"
3,"23 Workhaven Lane",Lethbridge,NULL,Canada,"2006-02-15 04:45:30"
4,"1411 Lillydale Drive",Woodridge,NULL,Australia,"2006-02-15 04:45:30"
5,"1913 Hanoi Way",Sasebo,35200,Japan,"2006-02-15 04:45:30"
6,"1121 Loja Avenue","San Bernardino",17886,"United States","2006-02-15 04:45:30"
7,"692 Joliet Street",Athenai,83579,Greece,"2006-02-15 04:45:30"
8,"1566 Inegl Manor",Myingyan,53561,Myanmar,"2006-02-15 04:45:30"
9,"53 Idfu Parkway",Nantou,42399,Taiwan,"2006-02-15 04:45:30"
10,"1795 Santiago de Compostela Way",Laredo,18743,"United States","2006-02-15 04:45:30"
11,"900 Santiago de Compostela Parkway",Kragujevac,93896,Yugoslavia,"2006-02-15 04:45:30"
12,"478 Joliet Way",Hamilton,77948,"New Zealand","2006-02-15 04:45:30"
13,"613 Korolev Drive",Masqat,45844,Oman,"2006-02-15 04:45:30"
14,"1531 Sal Drive",Esfahan,53628,Iran,"2006-02-15 04:45:30"
15,"1542 Tarlac Parkway",Sagamihara,1027,Japan,"2006-02-15 04:45:30"
16,"808 Bhopal Manor","Yamuna Nagar",10672,India,"2006-02-15 04:45:30"
17,"270 Amroha Parkway",Osmaniye,29610,Turkey,"2006-02-15 04:45:30"
18,"770 Bydgoszcz Avenue","Citrus Heights",16266,"United States","2006-02-15 04:45:30"
19,"419 Iligan Lane",Bhopal,72878,India,"2006-02-15 04:45:30"
20,"360 Toulouse Parkway",Southend-on-Sea,54308,"United Kingdom","2006-02-15 04:45:30"
21,"270 Toulon Boulevard",Elista,81766,"Russian Federation","2006-02-15 04:45:30"
22,"320 Brest Avenue",Kaduna,43331,Nigeria,"2006-02-15 04:45:30"
23,"1417 Lancaster Avenue",Kimberley,72192,"South Africa","2006-02-15 04:45:30"
24,"1688 Okara Way",Mardan,21954,Pakistan,"2006-02-15 04:45:30"
25,"262 A Corua (La Corua) Parkway",Tangail,34418,Bangladesh,"2006-02-15 04:45:30"
26,"28 Charlotte Amalie Street",Sal,37551,Morocco,"2006-02-15 04:45:30"
27,"1780 Hino Boulevard",Liepaja,7716,Latvia,"2006-02-15 04:45:30"
28,"96 Tafuna Way",Crdoba,99865,Argentina,"2006-02-15 04:45:30"
29,"934 San Felipe de Puerto Plata Street",Shikarpur,99780,Pakistan,"2006-02-15 04:45:30"
30,"18 Duisburg Boulevard","Citt del Vaticano",58327,"Holy See (Vatican City State)","2006-02-15 04:45:30"
31,"217 Botshabelo Place",Davao,49521,Philippines,"2006-02-15 04:45:30"
32,"1425 Shikarpur Manor","Munger (Monghyr)",65599,India,"2006-02-15 04:45:30"
33,"786 Aurora Avenue",Shimonoseki,65750,Japan,"2006-02-15 04:45:30"
34,"1668 Anpolis Street",Lungtan,50199,Taiwan,"2006-02-15 04:45:30"
35,"33 Gorontalo Way",Kamarhati,30348,India,"2006-02-15 04:45:30"
36,"176 Mandaluyong Place",Jhansi,65213,India,"2006-02-15 04:45:30"
37,"127 Purnea (Purnia) Manor",Alessandria,79388,Italy,"2006-02-15 04:45:30"
38,"61 Tama Street",Kurashiki,94065,Japan,"2006-02-15 04:45:30"
39,"391 Callao Drive",Toulouse,34021,France,"2006-02-15 04:45:30"
40,"334 Munger (Monghyr) Lane",Arak,38145,Iran,"2006-02-15 04:45:30"
41,"1440 Fukuyama Loop",Nanyang,47929,China,"2006-02-15 04:45:30"
42,"269 Cam Ranh Parkway",Chisinau,34689,Moldova,"2006-02-15 04:45:30"
43,"306 Antofagasta Place","Vila Velha",3989,Brazil,"2006-02-15 04:45:30"
44,"671 Graz Street",Nador,94399,Morocco,"2006-02-15 04:45:30"
45,"42 Brindisi Place",Yerevan,16744,Armenia,"2006-02-15 04:45:30"
46,"1632 Bislig Avenue","Pak Kret",61117,Thailand,"2006-02-15 04:45:30"
47,"1447 Imus Way",Faaa,48942,"French Polynesia","2006-02-15 04:45:30"
48,"1998 Halifax Drive",Lipetsk,76022,"Russian Federation","2006-02-15 04:45:30"
49,"1718 Valencia Street",Antofagasta,37359,Chile,"2006-02-15 04:45:30"
50,"46 Pjatigorsk Lane",Moscow,23616,"Russian Federation","2006-02-15 04:45:30"
51,"686 Garland Manor","Juazeiro do Norte",52535,Brazil,"2006-02-15 04:45:30"
52,"909 Garland Manor",Niznekamsk,69367,"Russian Federation","2006-02-15 04:45:30"
53,"725 Isesaki Place",Jedda,74428,"Saudi Arabia","2006-02-15 04:45:30"
54,"115 Hidalgo Parkway",Omdurman,80168,Sudan,"2006-02-15 04:45:30"
55,"1135 Izumisano Parkway",Fontana,48150,"United States","2006-02-15 04:45:30"
56,"939 Probolinggo Loop","A Corua (La Corua)",4166,Spain,"2006-02-15 04:45:30"
57,"17 Kabul Boulevard",Nagareyama,38594,Japan,"2006-02-15 04:45:30"
58,"1964 Allappuzha (Alleppey) Street",Iwakuni,48980,Japan,"2006-02-15 04:45:30"
59,"1697 Kowloon and New Kowloon Loop",Balaiha,57807,"Russian Federation","2006-02-15 04:45:30"
60,"1668 Saint Louis Place",Papeete,39072,"French Polynesia","2006-02-15 04:45:30"
61,"943 Tokat Street",Vaduz,45428,Liechtenstein,"2006-02-15 04:45:30"
62,"1114 Liepaja Street",Kuching,69226,Malaysia,"2006-02-15 04:45:30"
63,"1213 Ranchi Parkway",Mysore,94352,India,"2006-02-15 04:45:30"
64,"81 Hodeida Way",Jaipur,55561,India,"2006-02-15 04:45:30"
65,"915 Ponce Place",Basel,83980,Switzerland,"2006-02-15 04:45:30"
66,"1717 Guadalajara Lane","Saint Louis",85505,"United States","2006-02-15 04:45:30"
67,"1214 Hanoi Way",Lincoln,67055,"United States","2006-02-15 04:45:30"
68,"1966 Amroha Avenue",Daxian,70385,China,"2006-02-15 04:45:30"
69,"698 Otsu Street",Cayenne,71110,"French Guiana","2006-02-15 04:45:30"
70,"1150 Kimchon Manor",Malm,96109,Sweden,"2006-02-15 04:45:30"
71,"1586 Guaruj Place",Xiangtan,5135,China,"2006-02-15 04:45:30"
72,"57 Arlington Manor",Shivapuri,48960,India,"2006-02-15 04:45:30"
73,"1031 Daugavpils Parkway",Bchar,59025,Algeria,"2006-02-15 04:45:30"
74,"1124 Buenaventura Drive",al-Hawiya,6856,"Saudi Arabia","2006-02-15 04:45:30"
75,"492 Cam Ranh Street",Baybay,50805,Philippines,"2006-02-15 04:45:30"
76,"89 Allappuzha (Alleppey) Manor",Taguig,75444,Philippines,"2006-02-15 04:45:30"
77,"1947 Poos de Caldas Boulevard",Chiayi,60951,Taiwan,"2006-02-15 04:45:30"
78,"1206 Dos Quebradas Place","Rio Claro",20207,Brazil,"2006-02-15 04:45:30"
79,"1551 Rampur Lane",Changhwa,72394,Taiwan,"2006-02-15 04:45:30"
80,"602 Paarl Street",Pavlodar,98889,Kazakstan,"2006-02-15 04:45:30"
81,"1692 Ede Loop",Araatuba,9223,Brazil,"2006-02-15 04:45:30"
82,"936 Salzburg Lane","Rae Bareli",96709,India,"2006-02-15 04:45:30"
83,"586 Tete Way",Kamakura,1079,Japan,"2006-02-15 04:45:30"
84,"1888 Kabul Drive",Ife,20936,Nigeria,"2006-02-15 04:45:30"
85,"320 Baiyin Parkway",Mahajanga,37307,Madagascar,"2006-02-15 04:45:30"
86,"927 Baha Blanca Parkway",Simferopol,9495,Ukraine,"2006-02-15 04:45:30"
87,"929 Tallahassee Loop",Springs,74671,"South Africa","2006-02-15 04:45:30"
88,"125 Citt del Vaticano Boulevard",Atlixco,67912,Mexico,"2006-02-15 04:45:30"
89,"1557 Ktahya Boulevard",Bradford,88002,"United Kingdom","2006-02-15 04:45:30"
90,"870 Ashqelon Loop",Songkhla,84931,Thailand,"2006-02-15 04:45:30"
91,"1740 Portoviejo Avenue",Sincelejo,29932,Colombia,"2006-02-15 04:45:30"
92,"1942 Ciparay Parkway",Cheju,82624,"South Korea","2006-02-15 04:45:30"
93,"1926 El Alto Avenue","La Plata",75543,Argentina,"2006-02-15 04:45:30"
94,"1952 Chatsworth Drive",Meixian,25958,China,"2006-02-15 04:45:30"
95,"1370 Le Mans Avenue","Bandar Seri Begawan",52163,Brunei,"2006-02-15 04:45:30"
96,"984 Effon-Alaiye Avenue",Goinia,17119,Brazil,"2006-02-15 04:45:30"
97,"832 Nakhon Sawan Manor",Zalantun,49021,China,"2006-02-15 04:45:30"
98,"152 Kitwe Parkway",Bislig,53182,Philippines,"2006-02-15 04:45:30"
99,"1697 Tanauan Lane",Pathankot,22870,India,"2006-02-15 04:45:30"
100,"1308 Arecibo Way","Augusta-Richmond County",30695,"United States","2006-02-15 04:45:30"
101,"1599 Plock Drive",Tete,71986,Mozambique,"2006-02-15 04:45:30"
102,"669 Firozabad Loop",al-Ayn,92265,"United Arab Emirates","2006-02-15 04:45:30"
103,"588 Vila Velha Manor",Kimchon,51540,"South Korea","2006-02-15 04:45:30"
104,"1913 Kamakura Place",Jelets,97287,"Russian Federation","2006-02-15 04:45:30"
105,"733 Mandaluyong Place",Abha,77459,"Saudi Arabia","2006-02-15 04:45:30"
106,"659 Vaduz Drive",Ashdod,49708,Israel,"2006-02-15 04:45:30"
107,"1177 Jelets Way",Ilorin,3305,Nigeria,"2006-02-15 04:45:30"
108,"1386 Yangor Avenue",Toulon,80720,France,"2006-02-15 04:45:30"
109,"454 Nakhon Sawan Boulevard",Funafuti,76383,Tuvalu,"2006-02-15 04:45:30"
110,"1867 San Juan Bautista Tuxtepec Avenue",Ivanovo,78311,"Russian Federation","2006-02-15 04:45:30"
111,"1532 Dzerzinsk Way",Merlo,9599,Argentina,"2006-02-15 04:45:30"
112,"1002 Ahmadnagar Manor",Huixquilucan,93026,Mexico,"2006-02-15 04:45:30"
113,"682 Junan Way",Klerksdorp,30418,"South Africa","2006-02-15 04:45:30"
114,"804 Elista Drive",Enshi,61069,China,"2006-02-15 04:45:30"
115,"1378 Alvorada Avenue",Caracas,75834,Venezuela,"2006-02-15 04:45:30"
116,"793 Cam Ranh Avenue",Lancaster,87057,"United States","2006-02-15 04:45:30"
117,"1079 Tel Aviv-Jaffa Boulevard",Cuman,10885,Venezuela,"2006-02-15 04:45:30"
118,"442 Rae Bareli Place",Duisburg,24321,Germany,"2006-02-15 04:45:30"
119,"1107 Nakhon Sawan Avenue",Nezahualcyotl,75149,Mexico,"2006-02-15 04:45:30"
120,"544 Malm Parkway",Pemalang,63502,Indonesia,"2006-02-15 04:45:30"
121,"1967 Sincelejo Place",Gandhinagar,73644,India,"2006-02-15 04:45:30"
122,"333 Goinia Way","Grand Prairie",78625,"United States","2006-02-15 04:45:30"
123,"1987 Coacalco de Berriozbal Loop","Shubra al-Khayma",96065,Egypt,"2006-02-15 04:45:30"
124,"241 Mosul Lane","Dos Quebradas",76157,Colombia,"2006-02-15 04:45:30"
125,"211 Chiayi Drive",Etawah,58186,India,"2006-02-15 04:45:30"
126,"1175 Tanauan Way",Lima,64615,Peru,"2006-02-15 04:45:30"
127,"117 Boa Vista Way","Varanasi (Benares)",6804,India,"2006-02-15 04:45:30"
128,"848 Tafuna Manor",Ktahya,45142,Turkey,"2006-02-15 04:45:30"
129,"569 Baicheng Lane",Boksburg,60304,"South Africa","2006-02-15 04:45:30"
130,"1666 Qomsheh Drive",Po,66255,Brazil,"2006-02-15 04:45:30"
131,"801 Hagonoy Drive",Smolensk,8439,"Russian Federation","2006-02-15 04:45:30"
132,"1050 Garden Grove Avenue",Jastrzebie-Zdrj,4999,Poland,"2006-02-15 04:45:30"
133,"1854 Tieli Street",Liaocheng,15819,China,"2006-02-15 04:45:30"
134,"758 Junan Lane","guas Lindas de Gois",82639,Brazil,"2006-02-15 04:45:30"
135,"1752 So Leopoldo Parkway",Mukateve,14014,Ukraine,"2006-02-15 04:45:30"
136,"898 Belm Manor",Botshabelo,49757,"South Africa","2006-02-15 04:45:30"
137,"261 Saint Louis Way",Torren,83401,Mexico,"2006-02-15 04:45:30"
138,"765 Southampton Drive",Qalyub,4285,Egypt,"2006-02-15 04:45:30"
139,"943 Johannesburg Avenue",Pune,5892,India,"2006-02-15 04:45:30"
140,"788 Atinsk Street",Hubli-Dharwad,81691,India,"2006-02-15 04:45:30"
141,"1749 Daxian Place",Apeldoorn,11044,Netherlands,"2006-02-15 04:45:30"
142,"1587 Sullana Lane",Hohhot,85769,China,"2006-02-15 04:45:30"
143,"1029 Dzerzinsk Manor",Touliu,57519,Taiwan,"2006-02-15 04:45:30"
144,"1666 Beni-Mellal Place",Clarksville,13377,"United States","2006-02-15 04:45:30"
145,"928 Jaffna Loop",Fukuyama,93762,Japan,"2006-02-15 04:45:30"
146,"483 Ljubertsy Parkway",Dundee,60562,"United Kingdom","2006-02-15 04:45:30"
147,"374 Bat Yam Boulevard",Kilis,97700,Turkey,"2006-02-15 04:45:30"
148,"1027 Songkhla Manor",Molodetno,30861,Belarus,"2006-02-15 04:45:30"
149,"999 Sanaa Loop",Soshanguve,3439,"South Africa","2006-02-15 04:45:30"
150,"879 Newcastle Way","Sterling Heights",90732,"United States","2006-02-15 04:45:30"
151,"1337 Lincoln Parkway",Urawa,99457,Japan,"2006-02-15 04:45:30"
152,"1952 Pune Lane",Saint-Denis,92150,Runion,"2006-02-15 04:45:30"
153,"782 Mosul Street",Brockton,25545,"United States","2006-02-15 04:45:30"
154,"781 Shimonoseki Drive",Hidalgo,95444,Mexico,"2006-02-15 04:45:30"
155,"1560 Jelets Boulevard",Laiwu,77777,China,"2006-02-15 04:45:30"
156,"1963 Moscow Place",Nagaon,64863,India,"2006-02-15 04:45:30"
157,"456 Escobar Way",Jakarta,36061,Indonesia,"2006-02-15 04:45:30"
158,"798 Cianjur Avenue",Yuncheng,76990,China,"2006-02-15 04:45:30"
159,"185 Novi Sad Place",Bern,41778,Switzerland,"2006-02-15 04:45:30"
160,"1367 Yantai Manor",Ondo,21294,Nigeria,"2006-02-15 04:45:30"
161,"1386 Nakhon Sawan Boulevard",Pyongyang,53502,"North Korea","2006-02-15 04:45:30"
162,"369 Papeete Way",Greensboro,66639,"United States","2006-02-15 04:45:30"
163,"1440 Compton Place",Linz,81037,Austria,"2006-02-15 04:45:30"
164,"1623 Baha Blanca Manor",Ljubertsy,81511,"Russian Federation","2006-02-15 04:45:30"
165,"97 Shimoga Avenue","Tel Aviv-Jaffa",44660,Israel,"2006-02-15 04:45:30"
166,"1740 Le Mans Loop","Le Mans",22853,France,"2006-02-15 04:45:30"
167,"1287 Xiangfan Boulevard",Kakamigahara,57844,Japan,"2006-02-15 04:45:30"
168,"842 Salzburg Lane",Tarsus,3313,Turkey,"2006-02-15 04:45:30"
169,"154 Tallahassee Loop",Hami,62250,China,"2006-02-15 04:45:30"
170,"710 San Felipe del Progreso Avenue",Lilongwe,76901,Malawi,"2006-02-15 04:45:30"
171,"1540 Wroclaw Drive",Chandrapur,62686,India,"2006-02-15 04:45:30"
172,"475 Atinsk Way",Jinchang,59571,China,"2006-02-15 04:45:30"
173,"1294 Firozabad Drive",Pingxiang,70618,China,"2006-02-15 04:45:30"
174,"1877 Ezhou Lane",Udaipur,63337,India,"2006-02-15 04:45:30"
175,"316 Uruapan Street",Ipoh,58194,Malaysia,"2006-02-15 04:45:30"
176,"29 Pyongyang Loop",Batman,47753,Turkey,"2006-02-15 04:45:30"
177,"1010 Klerksdorp Way",Graz,6802,Austria,"2006-02-15 04:45:30"
178,"1848 Salala Boulevard","Ocumare del Tuy",25220,Venezuela,"2006-02-15 04:45:30"
179,"431 Xiangtan Avenue","Allappuzha (Alleppey)",4854,India,"2006-02-15 04:45:30"
180,"757 Rustenburg Avenue",Skikda,89668,Algeria,"2006-02-15 04:45:30"
181,"146 Johannesburg Way",Matamoros,54132,Mexico,"2006-02-15 04:45:30"
182,"1891 Rizhao Boulevard","Santa Brbara dOeste",47288,Brazil,"2006-02-15 04:45:30"
183,"1089 Iwatsuki Avenue",Kirovo-Tepetsk,35109,"Russian Federation","2006-02-15 04:45:30"
184,"1410 Benin City Parkway",Pereira,29747,Colombia,"2006-02-15 04:45:30"
185,"682 Garden Grove Place",Memphis,67497,"United States","2006-02-15 04:45:30"
186,"533 al-Ayn Boulevard",Compton,8862,"United States","2006-02-15 04:45:30"
187,"1839 Szkesfehrvr Parkway",Luzinia,55709,Brazil,"2006-02-15 04:45:30"
188,"741 Ambattur Manor",s-Hertogenbosch,43310,Netherlands,"2006-02-15 04:45:30"
189,"927 Barcelona Street","Shahr-e Kord",65121,Iran,"2006-02-15 04:45:30"
190,"435 0 Way",Haldia,74750,India,"2006-02-15 04:45:30"
191,"140 Chiayi Parkway",Sumy,38982,Ukraine,"2006-02-15 04:45:30"
192,"1166 Changhwa Street",Bayugan,58852,Philippines,"2006-02-15 04:45:30"
193,"891 Novi Sad Manor",Oshawa,5379,Canada,"2006-02-15 04:45:30"
194,"605 Rio Claro Parkway",Tabora,49348,Tanzania,"2006-02-15 04:45:30"
195,"1077 San Felipe de Puerto Plata Place",Novoterkassk,65387,"Russian Federation","2006-02-15 04:45:30"
196,"9 San Miguel de Tucumn Manor",Firozabad,90845,India,"2006-02-15 04:45:30"
197,"447 Surakarta Loop",Kisumu,10428,Kenya,"2006-02-15 04:45:30"
198,"345 Oshawa Boulevard",Hino,32114,Japan,"2006-02-15 04:45:30"
199,"1792 Valle de la Pascua Place",Siegen,15540,Germany,"2006-02-15 04:45:30"
200,"1074 Binzhou Manor",Mannheim,36490,Germany,"2006-02-15 04:45:30"
201,"817 Bradford Loop",Changzhou,89459,China,"2006-02-15 04:45:30"
202,"955 Bamenda Way",Ikerre,1545,Nigeria,"2006-02-15 04:45:30"
203,"1149 A Corua (La Corua) Boulevard",Haiphong,95824,Vietnam,"2006-02-15 04:45:30"
204,"387 Mwene-Ditu Drive",Ashgabat,8073,Turkmenistan,"2006-02-15 04:45:30"
205,"68 Molodetno Manor",Witten,4662,Germany,"2006-02-15 04:45:30"
206,"642 Nador Drive",Bhusawal,3924,India,"2006-02-15 04:45:30"
207,"1688 Nador Lane",Gorontalo,61613,Indonesia,"2006-02-15 04:45:30"
208,"1215 Pyongyang Parkway",Usak,25238,Turkey,"2006-02-15 04:45:30"
209,"1679 Antofagasta Street","Ciudad del Este",86599,Paraguay,"2006-02-15 04:45:30"
210,"1304 s-Hertogenbosch Way",Blumenau,10925,Brazil,"2006-02-15 04:45:30"
211,"850 Salala Loop",Nuuk,10800,Greenland,"2006-02-15 04:45:30"
212,"624 Oshawa Boulevard",Balurghat,89959,India,"2006-02-15 04:45:30"
213,"43 Dadu Avenue",Bhilwara,4855,India,"2006-02-15 04:45:30"
214,"751 Lima Loop",Aden,99405,Yemen,"2006-02-15 04:45:30"
215,"1333 Haldia Street",Fuyu,82161,China,"2006-02-15 04:45:30"
216,"660 Jedda Boulevard",Bellevue,25053,"United States","2006-02-15 04:45:30"
217,"1001 Miyakonojo Lane",Taizz,67924,Yemen,"2006-02-15 04:45:30"
218,"226 Brest Manor",Sunnyvale,2299,"United States","2006-02-15 04:45:30"
219,"1229 Valencia Parkway","Stara Zagora",99124,Bulgaria,"2006-02-15 04:45:30"
220,"1201 Qomsheh Manor","Aparecida de Goinia",21464,Brazil,"2006-02-15 04:45:30"
221,"866 Shivapuri Manor",Sambhal,22474,India,"2006-02-15 04:45:30"
222,"1168 Najafabad Parkway",Kabul,40301,Afghanistan,"2006-02-15 04:45:30"
223,"1244 Allappuzha (Alleppey) Place","Vicente Lpez",20657,Argentina,"2006-02-15 04:45:30"
224,"1842 Luzinia Boulevard",Zanzibar,94420,Tanzania,"2006-02-15 04:45:30"
225,"1926 Gingoog Street",Syrakusa,22824,Italy,"2006-02-15 04:45:30"
226,"810 Palghat (Palakkad) Boulevard",Jaroslavl,73431,"Russian Federation","2006-02-15 04:45:30"
227,"1820 Maring Parkway","Mandi Bahauddin",88307,Pakistan,"2006-02-15 04:45:30"
228,"60 Poos de Caldas Street",Jodhpur,82338,India,"2006-02-15 04:45:30"
229,"1014 Loja Manor",Ambattur,66851,India,"2006-02-15 04:45:30"
230,"201 Effon-Alaiye Way",Asuncin,64344,Paraguay,"2006-02-15 04:45:30"
231,"430 Alessandria Loop",Saarbrcken,47446,Germany,"2006-02-15 04:45:30"
232,"754 Valencia Place","Phnom Penh",87911,Cambodia,"2006-02-15 04:45:30"
233,"356 Olomouc Manor",Anpolis,93323,Brazil,"2006-02-15 04:45:30"
234,"1256 Bislig Boulevard",Botosani,50598,Romania,"2006-02-15 04:45:30"
235,"954 Kimchon Place",Uttarpara-Kotrung,42420,India,"2006-02-15 04:45:30"
236,"885 Yingkou Manor",Zaria,31390,Nigeria,"2006-02-15 04:45:30"
237,"1736 Cavite Place",Idfu,98775,Egypt,"2006-02-15 04:45:30"
238,"346 Skikda Parkway","Jalib al-Shuyukh",90628,Kuwait,"2006-02-15 04:45:30"
239,"98 Stara Zagora Boulevard",Buenaventura,76448,Colombia,"2006-02-15 04:45:30"
240,"1479 Rustenburg Boulevard",Tanza,18727,Philippines,"2006-02-15 04:45:30"
241,"647 A Corua (La Corua) Street",Naju,36971,"South Korea","2006-02-15 04:45:30"
242,"1964 Gijn Manor",Shimoga,14408,India,"2006-02-15 04:45:30"
243,"47 Syktyvkar Lane",Ciomas,22236,Indonesia,"2006-02-15 04:45:30"
244,"1148 Saarbrcken Parkway",Iwaki,1921,Japan,"2006-02-15 04:45:30"
245,"1103 Bilbays Parkway",Xiangfan,87660,China,"2006-02-15 04:45:30"
246,"1246 Boksburg Parkway",Qinhuangdao,28349,China,"2006-02-15 04:45:30"
247,"1483 Pathankot Street","San Miguel de Tucumn",37288,Argentina,"2006-02-15 04:45:30"
248,"582 Papeete Loop",Lapu-Lapu,27722,Philippines,"2006-02-15 04:45:30"
249,"300 Junan Street",Uijongbu,81314,"South Korea","2006-02-15 04:45:30"
250,"829 Grand Prairie Way",Maring,6461,Brazil,"2006-02-15 04:45:30"
251,"1473 Changhwa Parkway","Coacalco de Berriozbal",75933,Mexico,"2006-02-15 04:45:30"
252,"1309 Weifang Street",Tallahassee,57338,"United States","2006-02-15 04:45:30"
253,"1760 Oshawa Manor",Tianjin,38140,China,"2006-02-15 04:45:30"
254,"786 Stara Zagora Way",Oyo,98332,Nigeria,"2006-02-15 04:45:30"
255,"1966 Tonghae Street",Halle/Saale,36481,Germany,"2006-02-15 04:45:30"
256,"1497 Yuzhou Drive",London,3433,"United Kingdom","2006-02-15 04:45:30"
258,"752 Ondo Loop",Miyakonojo,32474,Japan,"2006-02-15 04:45:30"
259,"1338 Zalantun Lane","Poos de Caldas",45403,Brazil,"2006-02-15 04:45:30"
260,"127 Iwakuni Boulevard",Hagonoy,20777,Philippines,"2006-02-15 04:45:30"
261,"51 Laredo Avenue",Monywa,68146,Myanmar,"2006-02-15 04:45:30"
262,"771 Yaound Manor",Beira,86768,Mozambique,"2006-02-15 04:45:30"
263,"532 Toulon Street","Santiago de los Caballeros",69517,"Dominican Republic","2006-02-15 04:45:30"
264,"1027 Banjul Place",Halisahar,50390,India,"2006-02-15 04:45:30"
265,"1158 Mandi Bahauddin Parkway",Datong,98484,China,"2006-02-15 04:45:30"
266,"862 Xintai Lane",Tuguegarao,30065,Philippines,"2006-02-15 04:45:30"
267,"816 Cayenne Parkway",Portoviejo,93629,Ecuador,"2006-02-15 04:45:30"
268,"1831 Nam Dinh Loop",Mandaluyong,51990,Philippines,"2006-02-15 04:45:30"
269,"446 Kirovo-Tepetsk Lane",Higashiosaka,19428,Japan,"2006-02-15 04:45:30"
270,"682 Halisahar Place",Olomouc,20536,"Czech Republic","2006-02-15 04:45:30"
271,"1587 Loja Manor",Salzburg,5410,Austria,"2006-02-15 04:45:30"
272,"1762 Paarl Parkway",Lengshuijiang,53928,China,"2006-02-15 04:45:30"
273,"1519 Ilorin Place","Palghat (Palakkad)",49298,India,"2006-02-15 04:45:30"
274,"920 Kumbakonam Loop",Salinas,75090,"United States","2006-02-15 04:45:30"
275,"906 Goinia Way",Kalisz,83565,Poland,"2006-02-15 04:45:30"
276,"1675 Xiangfan Manor",Kumbakonam,11763,India,"2006-02-15 04:45:30"
277,"85 San Felipe de Puerto Plata Drive",Yantai,46063,China,"2006-02-15 04:45:30"
278,"144 South Hill Loop",Salamanca,2012,Mexico,"2006-02-15 04:45:30"
279,"1884 Shikarpur Avenue",Karnal,85548,India,"2006-02-15 04:45:30"
280,"1980 Kamjanets-Podilskyi Street",Peoria,89502,"United States","2006-02-15 04:45:30"
281,"1944 Bamenda Way",Warren,24645,"United States","2006-02-15 04:45:30"
282,"556 Baybay Manor",Ogbomosho,55802,Nigeria,"2006-02-15 04:45:30"
283,"457 Tongliao Loop",Inegl,56254,Turkey,"2006-02-15 04:45:30"
284,"600 Bradford Street",Tabriz,96204,Iran,"2006-02-15 04:45:30"
285,"1006 Santa Brbara dOeste Manor",Owo,36229,Nigeria,"2006-02-15 04:45:30"
286,"1308 Sumy Loop",Fuzhou,30657,China,"2006-02-15 04:45:30"
287,"1405 Chisinau Place",Ponce,8160,"Puerto Rico","2006-02-15 04:45:30"
288,"226 Halifax Street",Korla,58492,China,"2006-02-15 04:45:30"
289,"1279 Udine Parkway","Benin City",75860,Nigeria,"2006-02-15 04:45:30"
290,"1336 Benin City Drive",Otsu,46044,Japan,"2006-02-15 04:45:30"
291,"1155 Liaocheng Place",Effon-Alaiye,22650,Nigeria,"2006-02-15 04:45:30"
292,"1993 Tabuk Lane",Tambaram,64221,India,"2006-02-15 04:45:30"
293,"86 Higashiosaka Lane","Valle de Santiago",33768,Mexico,"2006-02-15 04:45:30"
294,"1912 Allende Manor","Kowloon and New Kowloon",58124,"Hong Kong","2006-02-15 04:45:30"
295,"544 Tarsus Boulevard","Valle de la Pascua",53145,Venezuela,"2006-02-15 04:45:30"
296,"1936 Cuman Avenue",Roanoke,61195,"United States","2006-02-15 04:45:30"
297,"1192 Tongliao Street",Sharja,19065,"United Arab Emirates","2006-02-15 04:45:30"
298,"44 Najafabad Way","Donostia-San Sebastin",61391,Spain,"2006-02-15 04:45:30"
299,"32 Pudukkottai Lane",Dayton,38834,"United States","2006-02-15 04:45:30"
300,"661 Chisinau Lane",Kolpino,8856,"Russian Federation","2006-02-15 04:45:30"
301,"951 Stara Zagora Manor",Patiala,98573,India,"2006-02-15 04:45:30"
302,"922 Vila Velha Loop",Ahmadnagar,4085,India,"2006-02-15 04:45:30"
303,"898 Jining Lane",Oulu,40070,Finland,"2006-02-15 04:45:30"
304,"1635 Kuwana Boulevard",Hiroshima,52137,Japan,"2006-02-15 04:45:30"
305,"41 El Alto Parkway",Parbhani,56883,India,"2006-02-15 04:45:30"
306,"1883 Maikop Lane",Kaliningrad,68469,"Russian Federation","2006-02-15 04:45:30"
307,"1908 Gaziantep Place",Tiefa,58979,China,"2006-02-15 04:45:30"
308,"687 Alessandria Parkway",Sanaa,57587,Yemen,"2006-02-15 04:45:30"
309,"827 Yuncheng Drive",Callao,79047,Peru,"2006-02-15 04:45:30"
310,"913 Coacalco de Berriozbal Loop",Arlington,42141,"United States","2006-02-15 04:45:30"
311,"715 So Bernardo do Campo Lane","Sungai Petani",84804,Malaysia,"2006-02-15 04:45:30"
312,"1354 Siegen Street","Angra dos Reis",80184,Brazil,"2006-02-15 04:45:30"
313,"1191 Sungai Petani Boulevard","Kansas City",9668,"United States","2006-02-15 04:45:30"
314,"1224 Huejutla de Reyes Boulevard",Brescia,70923,Italy,"2006-02-15 04:45:30"
315,"543 Bergamo Avenue",Ibirit,59686,Brazil,"2006-02-15 04:45:30"
316,"746 Joliet Lane",Kursk,94878,"Russian Federation","2006-02-15 04:45:30"
317,"780 Kimberley Way",Tabuk,17032,"Saudi Arabia","2006-02-15 04:45:30"
318,"1774 Yaound Place",Ezhou,91400,China,"2006-02-15 04:45:30"
319,"1957 Yantai Lane",Sorocaba,59255,Brazil,"2006-02-15 04:45:30"
320,"1542 Lubumbashi Boulevard","Bat Yam",62472,Israel,"2006-02-15 04:45:30"
321,"651 Pathankot Loop",Miraj,59811,India,"2006-02-15 04:45:30"
322,"1359 Zhoushan Parkway",Trshavn,29763,"Faroe Islands","2006-02-15 04:45:30"
323,"1769 Iwaki Lane",Bydgoszcz,25787,Poland,"2006-02-15 04:45:30"
324,"1145 Vilnius Manor","San Felipe del Progreso",73170,Mexico,"2006-02-15 04:45:30"
325,"1892 Nabereznyje Telny Lane",Tafuna,28396,"American Samoa","2006-02-15 04:45:30"
326,"470 Boksburg Street",Birgunj,97960,Nepal,"2006-02-15 04:45:30"
327,"1427 A Corua (La Corua) Place","Baha Blanca",85799,Argentina,"2006-02-15 04:45:30"
328,"479 San Felipe del Progreso Avenue",Cuautla,54949,Mexico,"2006-02-15 04:45:30"
329,"867 Benin City Avenue",Yuzhou,78543,China,"2006-02-15 04:45:30"
330,"981 Kumbakonam Place",Braslia,87611,Brazil,"2006-02-15 04:45:30"
331,"1016 Iwakuni Street",Kingstown,49833,"Saint Vincent and the Grenadines","2006-02-15 04:45:30"
332,"663 Baha Blanca Parkway",Adana,33463,Turkey,"2006-02-15 04:45:30"
333,"1860 Taguig Loop",Ciparay,59550,Indonesia,"2006-02-15 04:45:30"
334,"1816 Bydgoszcz Loop",Jamalpur,64308,Bangladesh,"2006-02-15 04:45:30"
335,"587 Benguela Manor",Aurora,91590,"United States","2006-02-15 04:45:30"
336,"430 Kumbakonam Drive","Santa F",28814,Argentina,"2006-02-15 04:45:30"
337,"1838 Tabriz Lane",Dhaka,1195,Bangladesh,"2006-02-15 04:45:30"
338,"431 Szkesfehrvr Avenue",Baku,57828,Azerbaijan,"2006-02-15 04:45:30"
339,"503 Sogamoso Loop",Sumqayit,49812,Azerbaijan,"2006-02-15 04:45:30"
340,"507 Smolensk Loop",Sousse,22971,Tunisia,"2006-02-15 04:45:30"
341,"1920 Weifang Avenue",Rampur,15643,India,"2006-02-15 04:45:30"
342,"124 al-Manama Way",Onomichi,52368,Japan,"2006-02-15 04:45:30"
343,"1443 Mardan Street",Paarl,31483,"South Africa","2006-02-15 04:45:30"
344,"1909 Benguela Lane",Xinxiang,19913,China,"2006-02-15 04:45:30"
345,"68 Ponce Parkway",Hanoi,85926,Vietnam,"2006-02-15 04:45:30"
346,"1217 Konotop Avenue",Ede,504,Netherlands,"2006-02-15 04:45:30"
347,"1293 Nam Dinh Way","Boa Vista",71583,Brazil,"2006-02-15 04:45:30"
348,"785 Vaduz Street",Mexicali,36170,Mexico,"2006-02-15 04:45:30"
349,"1516 Escobar Drive",Nukualofa,46069,Tonga,"2006-02-15 04:45:30"
350,"1628 Nagareyama Lane","San Lorenzo",60079,Paraguay,"2006-02-15 04:45:30"
351,"1157 Nyeri Loop",Maikop,56380,"Russian Federation","2006-02-15 04:45:30"
352,"1673 Tangail Drive",Daugavpils,26857,Latvia,"2006-02-15 04:45:30"
353,"381 Kabul Way",Hsichuh,87272,Taiwan,"2006-02-15 04:45:30"
354,"953 Hodeida Street",Imus,18841,Philippines,"2006-02-15 04:45:30"
355,"469 Nakhon Sawan Street",Teboksary,58866,"Russian Federation","2006-02-15 04:45:30"
356,"1378 Beira Loop",Zeleznogorsk,40792,"Russian Federation","2006-02-15 04:45:30"
357,"1641 Changhwa Place",Bamenda,37636,Cameroon,"2006-02-15 04:45:30"
358,"1698 Southport Loop","Pachuca de Soto",49009,Mexico,"2006-02-15 04:45:30"
359,"519 Nyeri Manor","Santo Andr",37650,Brazil,"2006-02-15 04:45:30"
360,"619 Hunuco Avenue",Matsue,81508,Japan,"2006-02-15 04:45:30"
361,"45 Aparecida de Goinia Place",Satna,7431,India,"2006-02-15 04:45:30"
362,"482 Kowloon and New Kowloon Manor",Bratislava,97056,Slovakia,"2006-02-15 04:45:30"
363,"604 Bern Place",Ranchi,5373,India,"2006-02-15 04:45:30"
364,"1623 Kingstown Drive","Almirante Brown",91299,Argentina,"2006-02-15 04:45:30"
365,"1009 Zanzibar Lane",Arecibo,64875,"Puerto Rico","2006-02-15 04:45:30"
366,"114 Jalib al-Shuyukh Manor",Yaound,60440,Cameroon,"2006-02-15 04:45:30"
367,"1163 London Parkway",Belm,6066,Brazil,"2006-02-15 04:45:30"
368,"1658 Jastrzebie-Zdrj Loop",Nyeri,96584,Kenya,"2006-02-15 04:45:30"
369,"817 Laredo Avenue",Guadalajara,77449,Mexico,"2006-02-15 04:45:30"
370,"1565 Tangail Manor",Okinawa,45750,Japan,"2006-02-15 04:45:30"
371,"1912 Emeishan Drive",Balikesir,33050,Turkey,"2006-02-15 04:45:30"
372,"230 Urawa Drive",Adoni,2738,India,"2006-02-15 04:45:30"
373,"1922 Miraj Way",Najafabad,13203,Iran,"2006-02-15 04:45:30"
374,"433 Florencia Street",Jurez,91330,Mexico,"2006-02-15 04:45:30"
375,"1049 Matamoros Parkway",Gulbarga,69640,India,"2006-02-15 04:45:30"
376,"1061 Ede Avenue",Cabuyao,57810,Philippines,"2006-02-15 04:45:30"
377,"154 Oshawa Manor",Probolinggo,72771,Indonesia,"2006-02-15 04:45:30"
378,"1191 Tandil Drive",Tanauan,6362,Philippines,"2006-02-15 04:45:30"
379,"1133 Rizhao Avenue","Vitria de Santo Anto",2800,Brazil,"2006-02-15 04:45:30"
380,"1519 Santiago de los Caballeros Loop",Mwene-Ditu,22025,"Congo, The Democratic Republic of the","2006-02-15 04:45:30"
381,"1618 Olomouc Manor",Kurgan,26385,"Russian Federation","2006-02-15 04:45:30"
382,"220 Hidalgo Drive",Kermanshah,45298,Iran,"2006-02-15 04:45:30"
383,"686 Donostia-San Sebastin Lane",Shenzhen,97390,China,"2006-02-15 04:45:30"
384,"97 Mogiljov Lane",Bhavnagar,89294,India,"2006-02-15 04:45:30"
385,"1642 Charlotte Amalie Drive",Tychy,75442,Poland,"2006-02-15 04:45:30"
386,"1368 Maracabo Boulevard","South Hill",32716,Anguilla,"2006-02-15 04:45:30"
387,"401 Sucre Boulevard",Manchester,25007,"United States","2006-02-15 04:45:30"
388,"368 Hunuco Boulevard",Namibe,17165,Angola,"2006-02-15 04:45:30"
389,"500 Lincoln Parkway",Huaian,95509,China,"2006-02-15 04:45:30"
390,"102 Chapra Drive",Tama,14073,Japan,"2006-02-15 04:45:30"
391,"1793 Meixian Place",Kamjanets-Podilskyi,33535,Ukraine,"2006-02-15 04:45:30"
392,"514 Ife Way",Lubumbashi,69973,"Congo, The Democratic Republic of the","2006-02-15 04:45:30"
393,"717 Changzhou Lane",Cavite,21615,Philippines,"2006-02-15 04:45:30"
394,"753 Ilorin Avenue",Emeishan,3656,China,"2006-02-15 04:45:30"
395,"1337 Mit Ghamr Avenue","Nakhon Sawan",29810,Thailand,"2006-02-15 04:45:30"
396,"767 Pyongyang Drive",Izumisano,83536,Japan,"2006-02-15 04:45:30"
397,"614 Pak Kret Street","Addis Abeba",27796,Ethiopia,"2006-02-15 04:45:30"
398,"954 Lapu-Lapu Way",Korolev,8816,"Russian Federation","2006-02-15 04:45:30"
399,"331 Bydgoszcz Parkway",Gijn,966,Spain,"2006-02-15 04:45:30"
400,"1152 Citrus Heights Manor",al-Qadarif,5239,Sudan,"2006-02-15 04:45:30"
401,"168 Cianjur Manor",Iwatsuki,73824,Japan,"2006-02-15 04:45:30"
402,"616 Hagonoy Avenue",Atinsk,46043,"Russian Federation","2006-02-15 04:45:30"
403,"1190 0 Place",Bag,10417,Brazil,"2006-02-15 04:45:30"
404,"734 Bchar Place",Okara,30586,Pakistan,"2006-02-15 04:45:30"
405,"530 Lausanne Lane",Dallas,11067,"United States","2006-02-15 04:45:30"
406,"454 Patiala Lane",Koriyama,13496,Japan,"2006-02-15 04:45:30"
407,"1346 Mysore Drive",Brest,61507,France,"2006-02-15 04:45:30"
408,"990 Etawah Loop",Valparai,79940,India,"2006-02-15 04:45:30"
409,"1266 Laredo Parkway",Omiya,7664,Japan,"2006-02-15 04:45:30"
410,"88 Nagaon Manor",Tandil,86868,Argentina,"2006-02-15 04:45:30"
411,"264 Bhimavaram Manor","Charlotte Amalie",54749,"Virgin Islands, U.S.","2006-02-15 04:45:30"
412,"1639 Saarbrcken Drive",Rustenburg,9827,"South Africa","2006-02-15 04:45:30"
413,"692 Amroha Drive",Jaffna,35575,"Sri Lanka","2006-02-15 04:45:30"
414,"1936 Lapu-Lapu Parkway","Deba Habe",7122,Nigeria,"2006-02-15 04:45:30"
415,"432 Garden Grove Street","Richmond Hill",65630,Canada,"2006-02-15 04:45:30"
416,"1445 Carmen Parkway",Cianjur,70809,Indonesia,"2006-02-15 04:45:30"
417,"791 Salinas Street",Hoshiarpur,40509,India,"2006-02-15 04:45:30"
418,"126 Acua Parkway","Berhampore (Baharampur)",58888,India,"2006-02-15 04:45:30"
419,"397 Sunnyvale Avenue",Allende,55566,Mexico,"2006-02-15 04:45:30"
420,"992 Klerksdorp Loop",Amersfoort,33711,Netherlands,"2006-02-15 04:45:30"
421,"966 Arecibo Loop",Dadu,94018,Pakistan,"2006-02-15 04:45:30"
422,"289 Santo Andr Manor",al-Qatif,72410,"Saudi Arabia","2006-02-15 04:45:30"
423,"437 Chungho Drive","San Felipe de Puerto Plata",59489,"Dominican Republic","2006-02-15 04:45:30"
424,"1948 Bayugan Parkway",Katihar,60622,India,"2006-02-15 04:45:30"
425,"1866 al-Qatif Avenue","El Monte",89420,"United States","2006-02-15 04:45:30"
426,"1661 Abha Drive",Pudukkottai,14400,India,"2006-02-15 04:45:30"
427,"1557 Cape Coral Parkway",Laohekou,46875,China,"2006-02-15 04:45:30"
428,"1727 Matamoros Place",Sawhaj,78813,Egypt,"2006-02-15 04:45:30"
429,"1269 Botosani Manor",Shanwei,47394,China,"2006-02-15 04:45:30"
430,"355 Vitria de Santo Anto Way","San Juan Bautista Tuxtepec",81758,Mexico,"2006-02-15 04:45:30"
431,"1596 Acua Parkway","Purnea (Purnia)",70425,India,"2006-02-15 04:45:30"
432,"259 Ipoh Drive",Guaruj,64964,Brazil,"2006-02-15 04:45:30"
433,"1823 Hoshiarpur Lane",Syktyvkar,33191,"Russian Federation","2006-02-15 04:45:30"
434,"1404 Taguig Drive",Tsuyama,87212,Japan,"2006-02-15 04:45:30"
435,"740 Udaipur Lane",Dzerzinsk,33505,"Russian Federation","2006-02-15 04:45:30"
436,"287 Cuautla Boulevard",Sucre,72736,Bolivia,"2006-02-15 04:45:30"
437,"1766 Almirante Brown Street",Newcastle,63104,"South Africa","2006-02-15 04:45:30"
438,"596 Huixquilucan Place",Naala-Porto,65892,Mozambique,"2006-02-15 04:45:30"
439,"1351 Aparecida de Goinia Parkway",Ozamis,41775,Philippines,"2006-02-15 04:45:30"
440,"722 Bradford Lane",Junan,90920,China,"2006-02-15 04:45:30"
441,"983 Santa F Way",Vancouver,47472,Canada,"2006-02-15 04:45:30"
442,"1245 Ibirit Way","La Romana",40926,"Dominican Republic","2006-02-15 04:45:30"
443,"1836 Korla Parkway",Kitwe,55405,Zambia,"2006-02-15 04:45:30"
444,"231 Kaliningrad Place",Bergamo,57833,Italy,"2006-02-15 04:45:30"
445,"495 Bhimavaram Lane","Dhule (Dhulia)",3,India,"2006-02-15 04:45:30"
446,"1924 Shimonoseki Drive",Batna,52625,Algeria,"2006-02-15 04:45:30"
447,"105 Dzerzinsk Manor",Tongliao,48570,China,"2006-02-15 04:45:30"
448,"614 Denizli Parkway","So Leopoldo",29444,Brazil,"2006-02-15 04:45:30"
449,"1289 Belm Boulevard",Tartu,88306,Estonia,"2006-02-15 04:45:30"
450,"203 Tambaram Street",Escobar,73942,Argentina,"2006-02-15 04:45:30"
451,"1704 Tambaram Manor",Uluberia,2834,India,"2006-02-15 04:45:30"
452,"207 Cuernavaca Loop","Nabereznyje Telny",52671,"Russian Federation","2006-02-15 04:45:30"
453,"319 Springs Loop",Erlangen,99552,Germany,"2006-02-15 04:45:30"
454,"956 Nam Dinh Manor",Sirjan,21872,Iran,"2006-02-15 04:45:30"
455,"1947 Paarl Way",Surakarta,23636,Indonesia,"2006-02-15 04:45:30"
456,"814 Simferopol Loop","El Fuerte",48745,Mexico,"2006-02-15 04:45:30"
457,"535 Ahmadnagar Manor","Abu Dhabi",41136,"United Arab Emirates","2006-02-15 04:45:30"
458,"138 Caracas Boulevard",Maracabo,16790,Venezuela,"2006-02-15 04:45:30"
459,"251 Florencia Drive",Uruapan,16119,Mexico,"2006-02-15 04:45:30"
460,"659 Gatineau Boulevard","El Alto",28587,Bolivia,"2006-02-15 04:45:30"
461,"1889 Valparai Way",Ziguinchor,75559,Senegal,"2006-02-15 04:45:30"
462,"1485 Bratislava Place",Rockford,83183,"United States","2006-02-15 04:45:30"
463,"935 Aden Boulevard",Tegal,64709,Indonesia,"2006-02-15 04:45:30"
464,"76 Kermanshah Manor",Qomsheh,23343,Iran,"2006-02-15 04:45:30"
465,"734 Tanshui Avenue",Florencia,70664,Colombia,"2006-02-15 04:45:30"
466,"118 Jaffna Loop",Gingoog,10447,Philippines,"2006-02-15 04:45:30"
467,"1621 Tongliao Avenue",Usolje-Sibirskoje,22173,"Russian Federation","2006-02-15 04:45:30"
468,"1844 Usak Avenue",Halifax,84461,Canada,"2006-02-15 04:45:30"
469,"1872 Toulon Loop",Rancagua,7939,Chile,"2006-02-15 04:45:30"
470,"1088 Ibirit Place",Zapopan,88502,Mexico,"2006-02-15 04:45:30"
471,"1322 Mosul Parkway",Dongying,95400,China,"2006-02-15 04:45:30"
472,"1447 Chatsworth Place",Cuauhtmoc,41545,Mexico,"2006-02-15 04:45:30"
473,"1257 Guadalajara Street",Bijapur,33599,India,"2006-02-15 04:45:30"
474,"1469 Plock Lane","Ourense (Orense)",95835,Spain,"2006-02-15 04:45:30"
475,"434 Ourense (Orense) Manor",Hodeida,14122,Yemen,"2006-02-15 04:45:30"
476,"270 Tambaram Parkway",Johannesburg,9668,"South Africa","2006-02-15 04:45:30"
477,"1786 Salinas Place","Nam Dinh",66546,Vietnam,"2006-02-15 04:45:30"
478,"1078 Stara Zagora Drive",Lhokseumawe,69221,Indonesia,"2006-02-15 04:45:30"
479,"1854 Okara Boulevard",Emmen,42123,Netherlands,"2006-02-15 04:45:30"
480,"421 Yaound Street",ostka,11363,Ukraine,"2006-02-15 04:45:30"
481,"1153 Allende Way",Gatineau,20336,Canada,"2006-02-15 04:45:30"
482,"808 Naala-Porto Parkway",Stockport,41060,"United Kingdom","2006-02-15 04:45:30"
483,"632 Usolje-Sibirskoje Parkway",Ashqelon,73085,Israel,"2006-02-15 04:45:30"
484,"98 Pyongyang Boulevard",Akron,88749,"United States","2006-02-15 04:45:30"
485,"984 Novoterkassk Loop",Gaziantep,28165,Turkey,"2006-02-15 04:45:30"
486,"64 Korla Street",Mwanza,25145,Tanzania,"2006-02-15 04:45:30"
487,"1785 So Bernardo do Campo Street",Coatzacoalcos,71182,Mexico,"2006-02-15 04:45:30"
488,"698 Jelets Boulevard",Denizli,2596,Turkey,"2006-02-15 04:45:30"
489,"1297 Alvorada Parkway",Yinchuan,11839,China,"2006-02-15 04:45:30"
490,"1909 Dayton Avenue",Shaoguan,88513,China,"2006-02-15 04:45:30"
491,"1789 Saint-Denis Parkway",Acua,8268,Mexico,"2006-02-15 04:45:30"
492,"185 Mannheim Lane",Pjatigorsk,23661,"Russian Federation","2006-02-15 04:45:30"
493,"184 Mandaluyong Street","La Paz",94239,Mexico,"2006-02-15 04:45:30"
494,"591 Sungai Petani Drive",Okayama,46400,Japan,"2006-02-15 04:45:30"
495,"656 Matamoros Drive",Sogamoso,19489,Colombia,"2006-02-15 04:45:30"
496,"775 ostka Drive","Mit Ghamr",22358,Egypt,"2006-02-15 04:45:30"
497,"1013 Tabuk Boulevard",Kanchrapara,96203,India,"2006-02-15 04:45:30"
498,"319 Plock Parkway",Sultanbeyli,26101,Turkey,"2006-02-15 04:45:30"
499,"1954 Kowloon and New Kowloon Way",Robamba,63667,Ecuador,"2006-02-15 04:45:30"
500,"362 Rajkot Lane",Baiyin,98030,China,"2006-02-15 04:45:30"
501,"1060 Tandil Lane",Rizhao,72349,China,"2006-02-15 04:45:30"
502,"1515 Korla Way",York,57197,"United Kingdom","2006-02-15 04:45:30"
503,"1416 San Juan Bautista Tuxtepec Avenue",Salala,50592,Oman,"2006-02-15 04:45:30"
504,"1 Valle de Santiago Avenue",Brindisi,86208,Italy,"2006-02-15 04:45:30"
505,"519 Brescia Parkway",Madiun,69504,Indonesia,"2006-02-15 04:45:30"
506,"414 Mandaluyong Street",Lublin,16370,Poland,"2006-02-15 04:45:30"
507,"1197 Sokoto Boulevard","Siliguri (Shiliguri)",87687,India,"2006-02-15 04:45:30"
508,"496 Celaya Drive",Ueda,90797,Japan,"2006-02-15 04:45:30"
509,"786 Matsue Way",Joliet,37469,"United States","2006-02-15 04:45:30"
510,"48 Maracabo Place",Talavera,1570,Philippines,"2006-02-15 04:45:30"
511,"1152 al-Qatif Lane",Pontianak,44816,Indonesia,"2006-02-15 04:45:30"
512,"1269 Ipoh Avenue",Eskisehir,54674,Turkey,"2006-02-15 04:45:30"
513,"758 Korolev Parkway",Vijayawada,75474,India,"2006-02-15 04:45:30"
514,"1747 Rustenburg Place",Chapra,51369,India,"2006-02-15 04:45:30"
515,"886 Tonghae Place",Kamyin,19450,"Russian Federation","2006-02-15 04:45:30"
516,"1574 Goinia Boulevard",Suihua,39529,China,"2006-02-15 04:45:30"
517,"548 Uruapan Street",London,35653,"United Kingdom","2006-02-15 04:45:30"
519,"962 Tama Loop",Yangor,65952,Nauru,"2006-02-15 04:45:30"
520,"1778 Gijn Manor",Zaoyang,35156,China,"2006-02-15 04:45:30"
521,"568 Dhule (Dhulia) Loop",Coquimbo,92568,Chile,"2006-02-15 04:45:30"
522,"1768 Udine Loop",Battambang,32347,Cambodia,"2006-02-15 04:45:30"
523,"608 Birgunj Parkway",Chungho,400,Taiwan,"2006-02-15 04:45:30"
524,"680 A Corua (La Corua) Manor",Sivas,49806,Turkey,"2006-02-15 04:45:30"
525,"1949 Sanya Street",Isesaki,61244,Japan,"2006-02-15 04:45:30"
526,"617 Klerksdorp Place","Nha Trang",94707,Vietnam,"2006-02-15 04:45:30"
527,"1993 0 Loop",Yingkou,41214,China,"2006-02-15 04:45:30"
528,"1176 Southend-on-Sea Manor","Santa Rosa",81651,Philippines,"2006-02-15 04:45:30"
529,"600 Purnea (Purnia) Avenue",Vinh,18043,Vietnam,"2006-02-15 04:45:30"
530,"1003 Qinhuangdao Street",Purwakarta,25972,Indonesia,"2006-02-15 04:45:30"
531,"1986 Sivas Place",Udine,95775,Italy,"2006-02-15 04:45:30"
532,"1427 Tabuk Place","Cape Coral",31342,"United States","2006-02-15 04:45:30"
533,"556 Asuncin Way",Mogiljov,35364,Belarus,"2006-02-15 04:45:30"
534,"486 Ondo Parkway",Benguela,35202,Angola,"2006-02-15 04:45:30"
535,"635 Brest Manor",Bhimavaram,40899,India,"2006-02-15 04:45:30"
536,"166 Jinchang Street",Ezeiza,86760,Argentina,"2006-02-15 04:45:30"
537,"958 Sagamihara Lane",Kuwana,88408,Japan,"2006-02-15 04:45:30"
538,"1817 Livorno Way","Cam Ranh",79401,Vietnam,"2006-02-15 04:45:30"
539,"1332 Gaziantep Lane",Binzhou,22813,China,"2006-02-15 04:45:30"
540,"949 Allende Lane",Amroha,67521,India,"2006-02-15 04:45:30"
541,"195 Ilorin Street",NDjamna,49250,Chad,"2006-02-15 04:45:30"
542,"193 Bhusawal Place",Tonghae,9750,"South Korea","2006-02-15 04:45:30"
543,"43 Vilnius Manor",Aurora,79814,"United States","2006-02-15 04:45:30"
544,"183 Haiphong Street",Baicheng,69953,China,"2006-02-15 04:45:30"
545,"163 Augusta-Richmond County Loop",Valencia,33030,Venezuela,"2006-02-15 04:45:30"
546,"191 Jos Azueta Parkway",Ruse,13629,Bulgaria,"2006-02-15 04:45:30"
547,"379 Lublin Parkway",Livorno,74568,Italy,"2006-02-15 04:45:30"
548,"1658 Cuman Loop","Pangkal Pinang",51309,Indonesia,"2006-02-15 04:45:30"
549,"454 Qinhuangdao Drive",Beni-Mellal,25866,Morocco,"2006-02-15 04:45:30"
550,"1715 Okayama Street","So Bernardo do Campo",55676,Brazil,"2006-02-15 04:45:30"
551,"182 Nukualofa Drive",Konotop,15414,Ukraine,"2006-02-15 04:45:30"
552,"390 Wroclaw Way",Sanya,5753,China,"2006-02-15 04:45:30"
553,"1421 Quilmes Lane",Kanazawa,19151,Japan,"2006-02-15 04:45:30"
554,"947 Trshavn Place",Tarlac,841,Philippines,"2006-02-15 04:45:30"
555,"1764 Jalib al-Shuyukh Parkway","Santiago de Compostela",77642,Spain,"2006-02-15 04:45:30"
556,"346 Cam Ranh Avenue",Zhoushan,39976,China,"2006-02-15 04:45:30"
557,"1407 Pachuca de Soto Place",Alvorada,26284,Brazil,"2006-02-15 04:45:30"
558,"904 Clarksville Drive",Haining,52234,China,"2006-02-15 04:45:30"
559,"1917 Kumbakonam Parkway","Novi Sad",11892,Yugoslavia,"2006-02-15 04:45:30"
560,"1447 Imus Place",Rajkot,12905,India,"2006-02-15 04:45:30"
561,"1497 Fengshan Drive",Chatsworth,63022,"South Africa","2006-02-15 04:45:30"
562,"869 Shikarpur Way",Southport,57380,"United Kingdom","2006-02-15 04:45:30"
563,"1059 Yuncheng Avenue",Vilnius,47498,Lithuania,"2006-02-15 04:45:30"
564,"505 Madiun Boulevard",Wroclaw,97271,Poland,"2006-02-15 04:45:30"
565,"1741 Hoshiarpur Boulevard",Bilbays,22372,Egypt,"2006-02-15 04:45:30"
566,"1229 Varanasi (Benares) Manor",Avellaneda,40195,Argentina,"2006-02-15 04:45:30"
567,"1894 Boa Vista Way",Garland,77464,"United States","2006-02-15 04:45:30"
568,"1342 Sharja Way",Sokoto,93655,Nigeria,"2006-02-15 04:45:30"
569,"1342 Abha Boulevard",Bucuresti,10714,Romania,"2006-02-15 04:45:30"
570,"415 Pune Avenue",Xintai,44274,China,"2006-02-15 04:45:30"
571,"1746 Faaa Way",Hunuco,32515,Peru,"2006-02-15 04:45:30"
572,"539 Hami Way",Tokat,52196,Turkey,"2006-02-15 04:45:30"
573,"1407 Surakarta Manor",Serpuhov,33224,"Russian Federation","2006-02-15 04:45:30"
574,"502 Mandi Bahauddin Parkway",Barcelona,15992,Venezuela,"2006-02-15 04:45:30"
575,"1052 Pathankot Avenue",Leshan,77397,China,"2006-02-15 04:45:30"
576,"1351 Sousse Lane",Monclova,37815,Mexico,"2006-02-15 04:45:30"
577,"1501 Pangkal Pinang Avenue",Plock,943,Poland,"2006-02-15 04:45:30"
578,"1405 Hagonoy Avenue",Czestochowa,86587,Poland,"2006-02-15 04:45:30"
579,"521 San Juan Bautista Tuxtepec Place",Zhezqazghan,95093,Kazakstan,"2006-02-15 04:45:30"
580,"923 Tangail Boulevard",Akishima,33384,Japan,"2006-02-15 04:45:30"
581,"186 Skikda Lane",Cuernavaca,89422,Mexico,"2006-02-15 04:45:30"
582,"1568 Celaya Parkway",Fengshan,34750,Taiwan,"2006-02-15 04:45:30"
583,"1489 Kakamigahara Lane",Tanshui,98883,Taiwan,"2006-02-15 04:45:30"
584,"1819 Alessandria Loop",Carmen,53829,Mexico,"2006-02-15 04:45:30"
585,"1208 Tama Loop",Mosul,73605,Iraq,"2006-02-15 04:45:30"
586,"951 Springs Lane",Iligan,96115,Philippines,"2006-02-15 04:45:30"
587,"760 Miyakonojo Drive","Jos Azueta",64682,Mexico,"2006-02-15 04:45:30"
588,"966 Asuncin Way","Huejutla de Reyes",62703,Mexico,"2006-02-15 04:45:30"
589,"1584 Ljubertsy Lane",Southampton,22954,"United Kingdom","2006-02-15 04:45:30"
590,"247 Jining Parkway",Banjul,53446,Gambia,"2006-02-15 04:45:30"
591,"773 Dallas Manor",Quilmes,12664,Argentina,"2006-02-15 04:45:30"
592,"1923 Stara Zagora Lane",Tsaotun,95179,Taiwan,"2006-02-15 04:45:30"
593,"1402 Zanzibar Boulevard",Celaya,71102,Mexico,"2006-02-15 04:45:30"
594,"1464 Kursk Parkway",Weifang,17381,China,"2006-02-15 04:45:30"
595,"1074 Sanaa Parkway",Loja,22474,Ecuador,"2006-02-15 04:45:30"
596,"1759 Niznekamsk Avenue",al-Manama,39414,Bahrain,"2006-02-15 04:45:30"
597,"32 Liaocheng Way","Juiz de Fora",1944,Brazil,"2006-02-15 04:45:30"
598,"42 Fontana Avenue",Szkesfehrvr,14684,Hungary,"2006-02-15 04:45:30"
599,"1895 Zhezqazghan Drive","Garden Grove",36693,"United States","2006-02-15 04:45:30"
600,"1837 Kaduna Parkway",Jining,82580,China,"2006-02-15 04:45:30"
601,"844 Bucuresti Place",Jinzhou,36603,China,"2006-02-15 04:45:30"
602,"1101 Bucuresti Boulevard",Patras,97661,Greece,"2006-02-15 04:45:30"
603,"1103 Quilmes Boulevard",Sullana,52137,Peru,"2006-02-15 04:45:30"
604,"1331 Usak Boulevard",Lausanne,61960,Switzerland,"2006-02-15 04:45:30"
605,"1325 Fukuyama Street",Tieli,27107,China,"2006-02-15 04:45:30"
