customer_id,first_name,last_name,email,address_id,create_date,last_update
1,MARY,SMITH,MARY.SMITH@sakilacustomer.org,5,"2006-02-14 22:04:36","2006-02-15 04:57:20"
2,PATRICIA,JOHNSON,PATRICIA.JOHNSON@sakilacustomer.org,6,"2006-02-14 22:04:36","2006-02-15 04:57:20"
3,LINDA,WILLIAMS,LINDA.WILLIAMS@sakilacustomer.org,7,"2006-02-14 22:04:36","2006-02-15 04:57:20"
4,BARBARA,JONES,BARBARA.JONES@sakilacustomer.org,8,"2006-02-14 22:04:36","2006-02-15 04:57:20"
5,ELIZABETH,BROWN,ELIZABETH.BROWN@sakilacustomer.org,9,"2006-02-14 22:04:36","2006-02-15 04:57:20"
6,JENNIFER,DAVIS,JENNIFER.DAVIS@sakilacustomer.org,10,"2006-02-14 22:04:36","2006-02-15 04:57:20"
7,MARIA,MILLER,MARIA.MILLER@sakilacustomer.org,11,"2006-02-14 22:04:36","2006-02-15 04:57:20"
8,SUSAN,WILSON,SUSAN.WILSON@sakilacustomer.org,12,"2006-02-14 22:04:36","2006-02-15 04:57:20"
9,MARGARET,MOORE,MARGARET.MOORE@sakilacustomer.org,13,"2006-02-14 22:04:36","2006-02-15 04:57:20"
10,DOROTHY,TAYLOR,DOROTHY.TAYLOR@sakilacustomer.org,14,"2006-02-14 22:04:36","2006-02-15 04:57:20"
11,LISA,ANDERSON,LISA.ANDERSON@sakilacustomer.org,15,"2006-02-14 22:04:36","2006-02-15 04:57:20"
12,NANCY,THOMAS,NANCY.THOMAS@sakilacustomer.org,16,"2006-02-14 22:04:36","2006-02-15 04:57:20"
13,KAREN,JACKSON,KAREN.JACKSON@sakilacustomer.org,17,"2006-02-14 22:04:36","2006-02-15 04:57:20"
14,BETTY,WHITE,BETTY.WHITE@sakilacustomer.org,18,"2006-02-14 22:04:36","2006-02-15 04:57:20"
15,HELEN,HARRIS,HELEN.HARRIS@sakilacustomer.org,19,"2006-02-14 22:04:36","2006-02-15 04:57:20"
16,SANDRA,MARTIN,SANDRA.MARTIN@sakilacustomer.org,20,"2006-02-14 22:04:36","2006-02-15 04:57:20"
17,DONNA,THOMPSON,DONNA.THOMPSON@sakilacustomer.org,21,"2006-02-14 22:04:36","2006-02-15 04:57:20"
18,CAROL,GARCIA,CAROL.GARCIA@sakilacustomer.org,22,"2006-02-14 22:04:36","2006-02-15 04:57:20"
19,RUTH,MARTINEZ,RUTH.MARTINEZ@sakilacustomer.org,23,"2006-02-14 22:04:36","2006-02-15 04:57:20"
20,SHARON,ROBINSON,SHARON.ROBINSON@sakilacustomer.org,24,"2006-02-14 22:04:36","2006-02-15 04:57:20"
21,MICHELLE,CLARK,MICHELLE.CLARK@sakilacustomer.org,25,"2006-02-14 22:04:36","2006-02-15 04:57:20"
22,LAURA,RODRIGUEZ,LAURA.RODRIGUEZ@sakilacustomer.org,26,"2006-02-14 22:04:36","2006-02-15 04:57:20"
23,SARAH,LEWIS,SARAH.LEWIS@sakilacustomer.org,27,"2006-02-14 22:04:36","2006-02-15 04:57:20"
24,KIMBERLY,LEE,KIMBERLY.LEE@sakilacustomer.org,28,"2006-02-14 22:04:36","2006-02-15 04:57:20"
25,DEBORAH,WALKER,DEBORAH.WALKER@sakilacustomer.org,29,"2006-02-14 22:04:36","2006-02-15 04:57:20"
26,JESSICA,HALL,JESSICA.HALL@sakilacustomer.org,30,"2006-02-14 22:04:36","2006-02-15 04:57:20"
27,SHIRLEY,ALLEN,SHIRLEY.ALLEN@sakilacustomer.org,31,"2006-02-14 22:04:36","2006-02-15 04:57:20"
28,CYNTHIA,YOUNG,CYNTHIA.YOUNG@sakilacustomer.org,32,"2006-02-14 22:04:36","2006-02-15 04:57:20"
29,ANGELA,HERNANDEZ,ANGELA.HERNANDEZ@sakilacustomer.org,33,"2006-02-14 22:04:36","2006-02-15 04:57:20"
30,MELISSA,KING,MELISSA.KING@sakilacustomer.org,34,"2006-02-14 22:04:36","2006-02-15 04:57:20"
31,BRENDA,WRIGHT,BRENDA.WRIGHT@sakilacustomer.org,35,"2006-02-14 22:04:36","2006-02-15 04:57:20"
32,AMY,LOPEZ,AMY.LOPEZ@sakilacustomer.org,36,"2006-02-14 22:04:36","2006-02-15 04:57:20"
33,ANNA,HILL,ANNA.HILL@sakilacustomer.org,37,"2006-02-14 22:04:36","2006-02-15 04:57:20"
34,REBECCA,SCOTT,REBECCA.SCOTT@sakilacustomer.org,38,"2006-02-14 22:04:36","2006-02-15 04:57:20"
35,VIRGINIA,GREEN,VIRGINIA.GREEN@sakilacustomer.org,39,"2006-02-14 22:04:36","2006-02-15 04:57:20"
36,KATHLEEN,ADAMS,KATHLEEN.ADAMS@sakilacustomer.org,40,"2006-02-14 22:04:36","2006-02-15 04:57:20"
37,PAMELA,BAKER,PAMELA.BAKER@sakilacustomer.org,41,"2006-02-14 22:04:36","2006-02-15 04:57:20"
38,MARTHA,GONZALEZ,MARTHA.GONZALEZ@sakilacustomer.org,42,"2006-02-14 22:04:36","2006-02-15 04:57:20"
39,DEBRA,NELSON,DEBRA.NELSON@sakilacustomer.org,43,"2006-02-14 22:04:36","2006-02-15 04:57:20"
40,AMANDA,CARTER,AMANDA.CARTER@sakilacustomer.org,44,"2006-02-14 22:04:36","2006-02-15 04:57:20"
41,STEPHANIE,MITCHELL,STEPHANIE.MITCHELL@sakilacustomer.org,45,"2006-02-14 22:04:36","2006-02-15 04:57:20"
42,CAROLYN,PEREZ,CAROLYN.PEREZ@sakilacustomer.org,46,"2006-02-14 22:04:36","2006-02-15 04:57:20"
43,CHRISTINE,ROBERTS,CHRISTINE.ROBERTS@sakilacustomer.org,47,"2006-02-14 22:04:36","2006-02-15 04:57:20"
44,MARIE,TURNER,MARIE.TURNER@sakilacustomer.org,48,"2006-02-14 22:04:36","2006-02-15 04:57:20"
45,JANET,PHILLIPS,JANET.PHILLIPS@sakilacustomer.org,49,"2006-02-14 22:04:36","2006-02-15 04:57:20"
46,CATHERINE,CAMPBELL,CATHERINE.CAMPBELL@sakilacustomer.org,50,"2006-02-14 22:04:36","2006-02-15 04:57:20"
47,FRANCES,PARKER,FRANCES.PARKER@sakilacustomer.org,51,"2006-02-14 22:04:36","2006-02-15 04:57:20"
48,ANN,EVANS,ANN.EVANS@sakilacustomer.org,52,"2006-02-14 22:04:36","2006-02-15 04:57:20"
49,JOYCE,EDWARDS,JOYCE.EDWARDS@sakilacustomer.org,53,"2006-02-14 22:04:36","2006-02-15 04:57:20"
50,DIANE,COLLINS,DIANE.COLLINS@sakilacustomer.org,54,"2006-02-14 22:04:36","2006-02-15 04:57:20"
51,ALICE,STEWART,ALICE.STEWART@sakilacustomer.org,55,"2006-02-14 22:04:36","2006-02-15 04:57:20"
52,JULIE,SANCHEZ,JULIE.SANCHEZ@sakilacustomer.org,56,"2006-02-14 22:04:36","2006-02-15 04:57:20"
53,HEATHER,MORRIS,HEATHER.MORRIS@sakilacustomer.org,57,"2006-02-14 22:04:36","2006-02-15 04:57:20"
54,TERESA,ROGERS,TERESA.ROGERS@sakilacustomer.org,58,"2006-02-14 22:04:36","2006-02-15 04:57:20"
55,DORIS,REED,DORIS.REED@sakilacustomer.org,59,"2006-02-14 22:04:36","2006-02-15 04:57:20"
56,GLORIA,COOK,GLORIA.COOK@sakilacustomer.org,60,"2006-02-14 22:04:36","2006-02-15 04:57:20"
57,EVELYN,MORGAN,EVELYN.MORGAN@sakilacustomer.org,61,"2006-02-14 22:04:36","2006-02-15 04:57:20"
58,JEAN,BELL,JEAN.BELL@sakilacustomer.org,62,"2006-02-14 22:04:36","2006-02-15 04:57:20"
59,CHERYL,MURPHY,CHERYL.MURPHY@sakilacustomer.org,63,"2006-02-14 22:04:36","2006-02-15 04:57:20"
60,MILDRED,BAILEY,MILDRED.BAILEY@sakilacustomer.org,64,"2006-02-14 22:04:36","2006-02-15 04:57:20"
61,KATHERINE,RIVERA,KATHERINE.RIVERA@sakilacustomer.org,65,"2006-02-14 22:04:36","2006-02-15 04:57:20"
62,JOAN,COOPER,JOAN.COOPER@sakilacustomer.org,66,"2006-02-14 22:04:36","2006-02-15 04:57:20"
63,ASHLEY,RICHARDSON,ASHLEY.RICHARDSON@sakilacustomer.org,67,"2006-02-14 22:04:36","2006-02-15 04:57:20"
64,JUDITH,COX,JUDITH.COX@sakilacustomer.org,68,"2006-02-14 22:04:36","2006-02-15 04:57:20"
65,ROSE,HOWARD,ROSE.HOWARD@sakilacustomer.org,69,"2006-02-14 22:04:36","2006-02-15 04:57:20"
66,JANICE,WARD,JANICE.WARD@sakilacustomer.org,70,"2006-02-14 22:04:36","2006-02-15 04:57:20"
67,KELLY,TORRES,KELLY.TORRES@sakilacustomer.org,71,"2006-02-14 22:04:36","2006-02-15 04:57:20"
68,NICOLE,PETERSON,NICOLE.PETERSON@sakilacustomer.org,72,"2006-02-14 22:04:36","2006-02-15 04:57:20"
69,JUDY,GRAY,JUDY.GRAY@sakilacustomer.org,73,"2006-02-14 22:04:36","2006-02-15 04:57:20"
70,CHRISTINA,RAMIREZ,CHRISTINA.RAMIREZ@sakilacustomer.org,74,"2006-02-14 22:04:36","2006-02-15 04:57:20"
71,KATHY,JAMES,KATHY.JAMES@sakilacustomer.org,75,"2006-02-14 22:04:36","2006-02-15 04:57:20"
72,THERESA,WATSON,THERESA.WATSON@sakilacustomer.org,76,"2006-02-14 22:04:36","2006-02-15 04:57:20"
73,BEVERLY,BROOKS,BEVERLY.BROOKS@sakilacustomer.org,77,"2006-02-14 22:04:36","2006-02-15 04:57:20"
74,DENISE,KELLY,DENISE.KELLY@sakilacustomer.org,78,"2006-02-14 22:04:36","2006-02-15 04:57:20"
75,TAMMY,SANDERS,TAMMY.SANDERS@sakilacustomer.org,79,"2006-02-14 22:04:36","2006-02-15 04:57:20"
76,IRENE,PRICE,IRENE.PRICE@sakilacustomer.org,80,"2006-02-14 22:04:36","2006-02-15 04:57:20"
77,JANE,BENNETT,JANE.BENNETT@sakilacustomer.org,81,"2006-02-14 22:04:36","2006-02-15 04:57:20"
78,LORI,WOOD,LORI.WOOD@sakilacustomer.org,82,"2006-02-14 22:04:36","2006-02-15 04:57:20"
79,RACHEL,BARNES,RACHEL.BARNES@sakilacustomer.org,83,"2006-02-14 22:04:36","2006-02-15 04:57:20"
80,MARILYN,ROSS,MARILYN.ROSS@sakilacustomer.org,84,"2006-02-14 22:04:36","2006-02-15 04:57:20"
81,ANDREA,HENDERSON,ANDREA.HENDERSON@sakilacustomer.org,85,"2006-02-14 22:04:36","2006-02-15 04:57:20"
82,KATHRYN,COLEMAN,KATHRYN.COLEMAN@sakilacustomer.org,86,"2006-02-14 22:04:36","2006-02-15 04:57:20"
83,LOUISE,JENKINS,LOUISE.JENKINS@sakilacustomer.org,87,"2006-02-14 22:04:36","2006-02-15 04:57:20"
84,SARA,PERRY,SARA.PERRY@sakilacustomer.org,88,"2006-02-14 22:04:36","2006-02-15 04:57:20"
85,ANNE,POWELL,ANNE.POWELL@sakilacustomer.org,89,"2006-02-14 22:04:36","2006-02-15 04:57:20"
86,JACQUELINE,LONG,JACQUELINE.LONG@sakilacustomer.org,90,"2006-02-14 22:04:36","2006-02-15 04:57:20"
87,WANDA,PATTERSON,WANDA.PATTERSON@sakilacustomer.org,91,"2006-02-14 22:04:36","2006-02-15 04:57:20"
88,BONNIE,HUGHES,BONNIE.HUGHES@sakilacustomer.org,92,"2006-02-14 22:04:36","2006-02-15 04:57:20"
89,JULIA,FLORES,JULIA.FLORES@sakilacustomer.org,93,"2006-02-14 22:04:36","2006-02-15 04:57:20"
90,RUBY,WASHINGTON,RUBY.WASHINGTON@sakilacustomer.org,94,"2006-02-14 22:04:36","2006-02-15 04:57:20"
91,LOIS,BUTLER,LOIS.BUTLER@sakilacustomer.org,95,"2006-02-14 22:04:36","2006-02-15 04:57:20"
92,TINA,SIMMONS,TINA.SIMMONS@sakilacustomer.org,96,"2006-02-14 22:04:36","2006-02-15 04:57:20"
93,PHYLLIS,FOSTER,PHYLLIS.FOSTER@sakilacustomer.org,97,"2006-02-14 22:04:36","2006-02-15 04:57:20"
94,NORMA,GONZALES,NORMA.GONZALES@sakilacustomer.org,98,"2006-02-14 22:04:36","2006-02-15 04:57:20"
95,PAULA,BRYANT,PAULA.BRYANT@sakilacustomer.org,99,"2006-02-14 22:04:36","2006-02-15 04:57:20"
96,DIANA,ALEXANDER,DIANA.ALEXANDER@sakilacustomer.org,100,"2006-02-14 22:04:36","2006-02-15 04:57:20"
97,ANNIE,RUSSELL,ANNIE.RUSSELL@sakilacustomer.org,101,"2006-02-14 22:04:36","2006-02-15 04:57:20"
98,LILLIAN,GRIFFIN,LILLIAN.GRIFFIN@sakilacustomer.org,102,"2006-02-14 22:04:36","2006-02-15 04:57:20"
99,EMILY,DIAZ,EMILY.DIAZ@sakilacustomer.org,103,"2006-02-14 22:04:36","2006-02-15 04:57:20"
100,ROBIN,HAYES,ROBIN.HAYES@sakilacustomer.org,104,"2006-02-14 22:04:36","2006-02-15 04:57:20"
101,PEGGY,MYERS,PEGGY.MYERS@sakilacustomer.org,105,"2006-02-14 22:04:36","2006-02-15 04:57:20"
102,CRYSTAL,FORD,CRYSTAL.FORD@sakilacustomer.org,106,"2006-02-14 22:04:36","2006-02-15 04:57:20"
103,GLADYS,HAMILTON,GLADYS.HAMILTON@sakilacustomer.org,107,"2006-02-14 22:04:36","2006-02-15 04:57:20"
104,RITA,GRAHAM,RITA.GRAHAM@sakilacustomer.org,108,"2006-02-14 22:04:36","2006-02-15 04:57:20"
105,DAWN,SULLIVAN,DAWN.SULLIVAN@sakilacustomer.org,109,"2006-02-14 22:04:36","2006-02-15 04:57:20"
106,CONNIE,WALLACE,CONNIE.WALLACE@sakilacustomer.org,110,"2006-02-14 22:04:36","2006-02-15 04:57:20"
107,FLORENCE,WOODS,FLORENCE.WOODS@sakilacustomer.org,111,"2006-02-14 22:04:36","2006-02-15 04:57:20"
108,TRACY,COLE,TRACY.COLE@sakilacustomer.org,112,"2006-02-14 22:04:36","2006-02-15 04:57:20"
109,EDNA,WEST,EDNA.WEST@sakilacustomer.org,113,"2006-02-14 22:04:36","2006-02-15 04:57:20"
110,TIFFANY,JORDAN,TIFFANY.JORDAN@sakilacustomer.org,114,"2006-02-14 22:04:36","2006-02-15 04:57:20"
111,CARMEN,OWENS,CARMEN.OWENS@sakilacustomer.org,115,"2006-02-14 22:04:36","2006-02-15 04:57:20"
112,ROSA,REYNOLDS,ROSA.REYNOLDS@sakilacustomer.org,116,"2006-02-14 22:04:36","2006-02-15 04:57:20"
113,CINDY,FISHER,CINDY.FISHER@sakilacustomer.org,117,"2006-02-14 22:04:36","2006-02-15 04:57:20"
114,GRACE,ELLIS,GRACE.ELLIS@sakilacustomer.org,118,"2006-02-14 22:04:36","2006-02-15 04:57:20"
115,WENDY,HARRISON,WENDY.HARRISON@sakilacustomer.org,119,"2006-02-14 22:04:36","2006-02-15 04:57:20"
116,VICTORIA,GIBSON,VICTORIA.GIBSON@sakilacustomer.org,120,"2006-02-14 22:04:36","2006-02-15 04:57:20"
117,EDITH,MCDONALD,EDITH.MCDONALD@sakilacustomer.org,121,"2006-02-14 22:04:36","2006-02-15 04:57:20"
118,KIM,CRUZ,KIM.CRUZ@sakilacustomer.org,122,"2006-02-14 22:04:36","2006-02-15 04:57:20"
119,SHERRY,MARSHALL,SHERRY.MARSHALL@sakilacustomer.org,123,"2006-02-14 22:04:36","2006-02-15 04:57:20"
120,SYLVIA,ORTIZ,SYLVIA.ORTIZ@sakilacustomer.org,124,"2006-02-14 22:04:36","2006-02-15 04:57:20"
121,JOSEPHINE,GOMEZ,JOSEPHINE.GOMEZ@sakilacustomer.org,125,"2006-02-14 22:04:36","2006-02-15 04:57:20"
122,THELMA,MURRAY,THELMA.MURRAY@sakilacustomer.org,126,"2006-02-14 22:04:36","2006-02-15 04:57:20"
123,SHANNON,FREEMAN,SHANNON.FREEMAN@sakilacustomer.org,127,"2006-02-14 22:04:36","2006-02-15 04:57:20"
124,SHEILA,WELLS,SHEILA.WELLS@sakilacustomer.org,128,"2006-02-14 22:04:36","2006-02-15 04:57:20"
125,ETHEL,WEBB,ETHEL.WEBB@sakilacustomer.org,129,"2006-02-14 22:04:36","2006-02-15 04:57:20"
126,ELLEN,SIMPSON,ELLEN.SIMPSON@sakilacustomer.org,130,"2006-02-14 22:04:36","2006-02-15 04:57:20"
127,ELAINE,STEVENS,ELAINE.STEVENS@sakilacustomer.org,131,"2006-02-14 22:04:36","2006-02-15 04:57:20"
128,MARJORIE,TUCKER,MARJORIE.TUCKER@sakilacustomer.org,132,"2006-02-14 22:04:36","2006-02-15 04:57:20"
129,CARRIE,PORTER,CARRIE.PORTER@sakilacustomer.org,133,"2006-02-14 22:04:36","2006-02-15 04:57:20"
130,CHARLOTTE,HUNTER,CHARLOTTE.HUNTER@sakilacustomer.org,134,"2006-02-14 22:04:36","2006-02-15 04:57:20"
131,MONICA,HICKS,MONICA.HICKS@sakilacustomer.org,135,"2006-02-14 22:04:36","2006-02-15 04:57:20"
132,ESTHER,CRAWFORD,ESTHER.CRAWFORD@sakilacustomer.org,136,"2006-02-14 22:04:36","2006-02-15 04:57:20"
133,PAULINE,HENRY,PAULINE.HENRY@sakilacustomer.org,137,"2006-02-14 22:04:36","2006-02-15 04:57:20"
134,EMMA,BOYD,EMMA.BOYD@sakilacustomer.org,138,"2006-02-14 22:04:36","2006-02-15 04:57:20"
135,JUANITA,MASON,JUANITA.MASON@sakilacustomer.org,139,"2006-02-14 22:04:36","2006-02-15 04:57:20"
136,ANITA,MORALES,ANITA.MORALES@sakilacustomer.org,140,"2006-02-14 22:04:36","2006-02-15 04:57:20"
137,RHONDA,KENNEDY,RHONDA.KENNEDY@sakilacustomer.org,141,"2006-02-14 22:04:36","2006-02-15 04:57:20"
138,HAZEL,WARREN,HAZEL.WARREN@sakilacustomer.org,142,"2006-02-14 22:04:36","2006-02-15 04:57:20"
139,AMBER,DIXON,AMBER.DIXON@sakilacustomer.org,143,"2006-02-14 22:04:36","2006-02-15 04:57:20"
140,EVA,RAMOS,EVA.RAMOS@sakilacustomer.org,144,"2006-02-14 22:04:36","2006-02-15 04:57:20"
141,DEBBIE,REYES,DEBBIE.REYES@sakilacustomer.org,145,"2006-02-14 22:04:36","2006-02-15 04:57:20"
142,APRIL,BURNS,APRIL.BURNS@sakilacustomer.org,146,"2006-02-14 22:04:36","2006-02-15 04:57:20"
143,LESLIE,GORDON,LESLIE.GORDON@sakilacustomer.org,147,"2006-02-14 22:04:36","2006-02-15 04:57:20"
144,CLARA,SHAW,CLARA.SHAW@sakilacustomer.org,148,"2006-02-14 22:04:36","2006-02-15 04:57:20"
145,LUCILLE,HOLMES,LUCILLE.HOLMES@sakilacustomer.org,149,"2006-02-14 22:04:36","2006-02-15 04:57:20"
146,JAMIE,RICE,JAMIE.RICE@sakilacustomer.org,150,"2006-02-14 22:04:36","2006-02-15 04:57:20"
147,JOANNE,ROBERTSON,JOANNE.ROBERTSON@sakilacustomer.org,151,"2006-02-14 22:04:36","2006-02-15 04:57:20"
148,ELEANOR,HUNT,ELEANOR.HUNT@sakilacustomer.org,152,"2006-02-14 22:04:36","2006-02-15 04:57:20"
149,VALERIE,BLACK,VALERIE.BLACK@sakilacustomer.org,153,"2006-02-14 22:04:36","2006-02-15 04:57:20"
150,DANIELLE,DANIELS,DANIELLE.DANIELS@sakilacustomer.org,154,"2006-02-14 22:04:36","2006-02-15 04:57:20"
151,MEGAN,PALMER,MEGAN.PALMER@sakilacustomer.org,155,"2006-02-14 22:04:36","2006-02-15 04:57:20"
152,ALICIA,MILLS,ALICIA.MILLS@sakilacustomer.org,156,"2006-02-14 22:04:36","2006-02-15 04:57:20"
153,SUZANNE,NICHOLS,SUZANNE.NICHOLS@sakilacustomer.org,157,"2006-02-14 22:04:36","2006-02-15 04:57:20"
154,MICHELE,GRANT,MICHELE.GRANT@sakilacustomer.org,158,"2006-02-14 22:04:36","2006-02-15 04:57:20"
155,GAIL,KNIGHT,GAIL.KNIGHT@sakilacustomer.org,159,"2006-02-14 22:04:36","2006-02-15 04:57:20"
156,BERTHA,FERGUSON,BERTHA.FERGUSON@sakilacustomer.org,160,"2006-02-14 22:04:36","2006-02-15 04:57:20"
157,DARLENE,ROSE,DARLENE.ROSE@sakilacustomer.org,161,"2006-02-14 22:04:36","2006-02-15 04:57:20"
158,VERONICA,STONE,VERONICA.STONE@sakilacustomer.org,162,"2006-02-14 22:04:36","2006-02-15 04:57:20"
159,JILL,HAWKINS,JILL.HAWKINS@sakilacustomer.org,163,"2006-02-14 22:04:36","2006-02-15 04:57:20"
160,ERIN,DUNN,ERIN.DUNN@sakilacustomer.org,164,"2006-02-14 22:04:36","2006-02-15 04:57:20"
161,GERALDINE,PERKINS,GERALDINE.PERKINS@sakilacustomer.org,165,"2006-02-14 22:04:36","2006-02-15 04:57:20"
162,LAUREN,HUDSON,LAUREN.HUDSON@sakilacustomer.org,166,"2006-02-14 22:04:36","2006-02-15 04:57:20"
163,CATHY,SPENCER,CATHY.SPENCER@sakilacustomer.org,167,"2006-02-14 22:04:36","2006-02-15 04:57:20"
164,JOANN,GARDNER,JOANN.GARDNER@sakilacustomer.org,168,"2006-02-14 22:04:36","2006-02-15 04:57:20"
165,LORRAINE,STEPHENS,LORRAINE.STEPHENS@sakilacustomer.org,169,"2006-02-14 22:04:36","2006-02-15 04:57:20"
166,LYNN,PAYNE,LYNN.PAYNE@sakilacustomer.org,170,"2006-02-14 22:04:36","2006-02-15 04:57:20"
167,SALLY,PIERCE,SALLY.PIERCE@sakilacustomer.org,171,"2006-02-14 22:04:36","2006-02-15 04:57:20"
168,REGINA,BERRY,REGINA.BERRY@sakilacustomer.org,172,"2006-02-14 22:04:36","2006-02-15 04:57:20"
169,ERICA,MATTHEWS,ERICA.MATTHEWS@sakilacustomer.org,173,"2006-02-14 22:04:36","2006-02-15 04:57:20"
170,BEATRICE,ARNOLD,BEATRICE.ARNOLD@sakilacustomer.org,174,"2006-02-14 22:04:36","2006-02-15 04:57:20"
171,DOLORES,WAGNER,DOLORES.WAGNER@sakilacustomer.org,175,"2006-02-14 22:04:36","2006-02-15 04:57:20"
172,BERNICE,WILLIS,BERNICE.WILLIS@sakilacustomer.org,176,"2006-02-14 22:04:36","2006-02-15 04:57:20"
173,AUDREY,RAY,AUDREY.RAY@sakilacustomer.org,177,"2006-02-14 22:04:36","2006-02-15 04:57:20"
174,YVONNE,WATKINS,YVONNE.WATKINS@sakilacustomer.org,178,"2006-02-14 22:04:36","2006-02-15 04:57:20"
175,ANNETTE,OLSON,ANNETTE.OLSON@sakilacustomer.org,179,"2006-02-14 22:04:36","2006-02-15 04:57:20"
176,JUNE,CARROLL,JUNE.CARROLL@sakilacustomer.org,180,"2006-02-14 22:04:36","2006-02-15 04:57:20"
177,SAMANTHA,DUNCAN,SAMANTHA.DUNCAN@sakilacustomer.org,181,"2006-02-14 22:04:36","2006-02-15 04:57:20"
178,MARION,SNYDER,MARION.SNYDER@sakilacustomer.org,182,"2006-02-14 22:04:36","2006-02-15 04:57:20"
179,DANA,HART,DANA.HART@sakilacustomer.org,183,"2006-02-14 22:04:36","2006-02-15 04:57:20"
180,STACY,CUNNINGHAM,STACY.CUNNINGHAM@sakilacustomer.org,184,"2006-02-14 22:04:36","2006-02-15 04:57:20"
181,ANA,BRADLEY,ANA.BRADLEY@sakilacustomer.org,185,"2006-02-14 22:04:36","2006-02-15 04:57:20"
182,RENEE,LANE,RENEE.LANE@sakilacustomer.org,186,"2006-02-14 22:04:36","2006-02-15 04:57:20"
183,IDA,ANDREWS,IDA.ANDREWS@sakilacustomer.org,187,"2006-02-14 22:04:36","2006-02-15 04:57:20"
184,VIVIAN,RUIZ,VIVIAN.RUIZ@sakilacustomer.org,188,"2006-02-14 22:04:36","2006-02-15 04:57:20"
185,ROBERTA,HARPER,ROBERTA.HARPER@sakilacustomer.org,189,"2006-02-14 22:04:36","2006-02-15 04:57:20"
186,HOLLY,FOX,HOLLY.FOX@sakilacustomer.org,190,"2006-02-14 22:04:36","2006-02-15 04:57:20"
187,BRITTANY,RILEY,BRITTANY.RILEY@sakilacustomer.org,191,"2006-02-14 22:04:36","2006-02-15 04:57:20"
188,MELANIE,ARMSTRONG,MELANIE.ARMSTRONG@sakilacustomer.org,192,"2006-02-14 22:04:36","2006-02-15 04:57:20"
189,LORETTA,CARPENTER,LORETTA.CARPENTER@sakilacustomer.org,193,"2006-02-14 22:04:36","2006-02-15 04:57:20"
190,YOLANDA,WEAVER,YOLANDA.WEAVER@sakilacustomer.org,194,"2006-02-14 22:04:36","2006-02-15 04:57:20"
191,JEANETTE,GREENE,JEANETTE.GREENE@sakilacustomer.org,195,"2006-02-14 22:04:36","2006-02-15 04:57:20"
192,LAURIE,LAWRENCE,LAURIE.LAWRENCE@sakilacustomer.org,196,"2006-02-14 22:04:36","2006-02-15 04:57:20"
193,KATIE,ELLIOTT,KATIE.ELLIOTT@sakilacustomer.org,197,"2006-02-14 22:04:36","2006-02-15 04:57:20"
194,KRISTEN,CHAVEZ,KRISTEN.CHAVEZ@sakilacustomer.org,198,"2006-02-14 22:04:36","2006-02-15 04:57:20"
195,VANESSA,SIMS,VANESSA.SIMS@sakilacustomer.org,199,"2006-02-14 22:04:36","2006-02-15 04:57:20"
196,ALMA,AUSTIN,ALMA.AUSTIN@sakilacustomer.org,200,"2006-02-14 22:04:36","2006-02-15 04:57:20"
197,SUE,PETERS,SUE.PETERS@sakilacustomer.org,201,"2006-02-14 22:04:36","2006-02-15 04:57:20"
198,ELSIE,KELLEY,ELSIE.KELLEY@sakilacustomer.org,202,"2006-02-14 22:04:36","2006-02-15 04:57:20"
199,BETH,FRANKLIN,BETH.FRANKLIN@sakilacustomer.org,203,"2006-02-14 22:04:36","2006-02-15 04:57:20"
200,JEANNE,LAWSON,JEANNE.LAWSON@sakilacustomer.org,204,"2006-02-14 22:04:36","2006-02-15 04:57:20"
201,VICKI,FIELDS,VICKI.FIELDS@sakilacustomer.org,205,"2006-02-14 22:04:36","2006-02-15 04:57:20"
202,CARLA,GUTIERREZ,CARLA.GUTIERREZ@sakilacustomer.org,206,"2006-02-14 22:04:36","2006-02-15 04:57:20"
203,TARA,RYAN,TARA.RYAN@sakilacustomer.org,207,"2006-02-14 22:04:36","2006-02-15 04:57:20"
204,ROSEMARY,SCHMIDT,ROSEMARY.SCHMIDT@sakilacustomer.org,208,"2006-02-14 22:04:36","2006-02-15 04:57:20"
205,EILEEN,CARR,EILEEN.CARR@sakilacustomer.org,209,"2006-02-14 22:04:36","2006-02-15 04:57:20"
206,TERRI,VASQUEZ,TERRI.VASQUEZ@sakilacustomer.org,210,"2006-02-14 22:04:36","2006-02-15 04:57:20"
207,GERTRUDE,CASTILLO,GERTRUDE.CASTILLO@sakilacustomer.org,211,"2006-02-14 22:04:36","2006-02-15 04:57:20"
208,LUCY,WHEELER,LUCY.WHEELER@sakilacustomer.org,212,"2006-02-14 22:04:36","2006-02-15 04:57:20"
209,TONYA,CHAPMAN,TONYA.CHAPMAN@sakilacustomer.org,213,"2006-02-14 22:04:36","2006-02-15 04:57:20"
210,ELLA,OLIVER,ELLA.OLIVER@sakilacustomer.org,214,"2006-02-14 22:04:36","2006-02-15 04:57:20"
211,STACEY,MONTGOMERY,STACEY.MONTGOMERY@sakilacustomer.org,215,"2006-02-14 22:04:36","2006-02-15 04:57:20"
212,WILMA,RICHARDS,WILMA.RICHARDS@sakilacustomer.org,216,"2006-02-14 22:04:36","2006-02-15 04:57:20"
213,GINA,WILLIAMSON,GINA.WILLIAMSON@sakilacustomer.org,217,"2006-02-14 22:04:36","2006-02-15 04:57:20"
214,KRISTIN,JOHNSTON,KRISTIN.JOHNSTON@sakilacustomer.org,218,"2006-02-14 22:04:36","2006-02-15 04:57:20"
215,JESSIE,BANKS,JESSIE.BANKS@sakilacustomer.org,219,"2006-02-14 22:04:36","2006-02-15 04:57:20"
216,NATALIE,MEYER,NATALIE.MEYER@sakilacustomer.org,220,"2006-02-14 22:04:36","2006-02-15 04:57:20"
217,AGNES,BISHOP,AGNES.BISHOP@sakilacustomer.org,221,"2006-02-14 22:04:36","2006-02-15 04:57:20"
218,VERA,MCCOY,VERA.MCCOY@sakilacustomer.org,222,"2006-02-14 22:04:36","2006-02-15 04:57:20"
219,WILLIE,HOWELL,WILLIE.HOWELL@sakilacustomer.org,223,"2006-02-14 22:04:36","2006-02-15 04:57:20"
220,CHARLENE,ALVAREZ,CHARLENE.ALVAREZ@sakilacustomer.org,224,"2006-02-14 22:04:36","2006-02-15 04:57:20"
221,BESSIE,MORRISON,BESSIE.MORRISON@sakilacustomer.org,225,"2006-02-14 22:04:36","2006-02-15 04:57:20"
222,DELORES,HANSEN,DELORES.HANSEN@sakilacustomer.org,226,"2006-02-14 22:04:36","2006-02-15 04:57:20"
223,MELINDA,FERNANDEZ,MELINDA.FERNANDEZ@sakilacustomer.org,227,"2006-02-14 22:04:36","2006-02-15 04:57:20"
224,PEARL,GARZA,PEARL.GARZA@sakilacustomer.org,228,"2006-02-14 22:04:36","2006-02-15 04:57:20"
225,ARLENE,HARVEY,ARLENE.HARVEY@sakilacustomer.org,229,"2006-02-14 22:04:36","2006-02-15 04:57:20"
226,MAUREEN,LITTLE,MAUREEN.LITTLE@sakilacustomer.org,230,"2006-02-14 22:04:36","2006-02-15 04:57:20"
227,COLLEEN,BURTON,COLLEEN.BURTON@sakilacustomer.org,231,"2006-02-14 22:04:36","2006-02-15 04:57:20"
228,ALLISON,STANLEY,ALLISON.STANLEY@sakilacustomer.org,232,"2006-02-14 22:04:36","2006-02-15 04:57:20"
229,TAMARA,NGUYEN,TAMARA.NGUYEN@sakilacustomer.org,233,"2006-02-14 22:04:36","2006-02-15 04:57:20"
230,JOY,GEORGE,JOY.GEORGE@sakilacustomer.org,234,"2006-02-14 22:04:36","2006-02-15 04:57:20"
231,GEORGIA,JACOBS,GEORGIA.JACOBS@sakilacustomer.org,235,"2006-02-14 22:04:36","2006-02-15 04:57:20"
232,CONSTANCE,REID,CONSTANCE.REID@sakilacustomer.org,236,"2006-02-14 22:04:36","2006-02-15 04:57:20"
233,LILLIE,KIM,LILLIE.KIM@sakilacustomer.org,237,"2006-02-14 22:04:36","2006-02-15 04:57:20"
234,CLAUDIA,FULLER,CLAUDIA.FULLER@sakilacustomer.org,238,"2006-02-14 22:04:36","2006-02-15 04:57:20"
235,JACKIE,LYNCH,JACKIE.LYNCH@sakilacustomer.org,239,"2006-02-14 22:04:36","2006-02-15 04:57:20"
236,MARCIA,DEAN,MARCIA.DEAN@sakilacustomer.org,240,"2006-02-14 22:04:36","2006-02-15 04:57:20"
237,TANYA,GILBERT,TANYA.GILBERT@sakilacustomer.org,241,"2006-02-14 22:04:36","2006-02-15 04:57:20"
238,NELLIE,GARRETT,NELLIE.GARRETT@sakilacustomer.org,242,"2006-02-14 22:04:36","2006-02-15 04:57:20"
239,MINNIE,ROMERO,MINNIE.ROMERO@sakilacustomer.org,243,"2006-02-14 22:04:36","2006-02-15 04:57:20"
240,MARLENE,WELCH,MARLENE.WELCH@sakilacustomer.org,244,"2006-02-14 22:04:36","2006-02-15 04:57:20"
241,HEIDI,LARSON,HEIDI.LARSON@sakilacustomer.org,245,"2006-02-14 22:04:36","2006-02-15 04:57:20"
242,GLENDA,FRAZIER,GLENDA.FRAZIER@sakilacustomer.org,246,"2006-02-14 22:04:36","2006-02-15 04:57:20"
243,LYDIA,BURKE,LYDIA.BURKE@sakilacustomer.org,247,"2006-02-14 22:04:36","2006-02-15 04:57:20"
244,VIOLA,HANSON,VIOLA.HANSON@sakilacustomer.org,248,"2006-02-14 22:04:36","2006-02-15 04:57:20"
245,COURTNEY,DAY,COURTNEY.DAY@sakilacustomer.org,249,"2006-02-14 22:04:36","2006-02-15 04:57:20"
246,MARIAN,MENDOZA,MARIAN.MENDOZA@sakilacustomer.org,250,"2006-02-14 22:04:36","2006-02-15 04:57:20"
247,STELLA,MORENO,STELLA.MORENO@sakilacustomer.org,251,"2006-02-14 22:04:36","2006-02-15 04:57:20"
248,CAROLINE,BOWMAN,CAROLINE.BOWMAN@sakilacustomer.org,252,"2006-02-14 22:04:36","2006-02-15 04:57:20"
249,DORA,MEDINA,DORA.MEDINA@sakilacustomer.org,253,"2006-02-14 22:04:36","2006-02-15 04:57:20"
250,JO,FOWLER,JO.FOWLER@sakilacustomer.org,254,"2006-02-14 22:04:36","2006-02-15 04:57:20"
251,VICKIE,BREWER,VICKIE.BREWER@sakilacustomer.org,255,"2006-02-14 22:04:36","2006-02-15 04:57:20"
252,MATTIE,HOFFMAN,MATTIE.HOFFMAN@sakilacustomer.org,256,"2006-02-14 22:04:36","2006-02-15 04:57:20"
253,TERRY,CARLSON,TERRY.CARLSON@sakilacustomer.org,258,"2006-02-14 22:04:36","2006-02-15 04:57:20"
254,MAXINE,SILVA,MAXINE.SILVA@sakilacustomer.org,259,"2006-02-14 22:04:36","2006-02-15 04:57:20"
255,IRMA,PEARSON,IRMA.PEARSON@sakilacustomer.org,260,"2006-02-14 22:04:36","2006-02-15 04:57:20"
256,MABEL,HOLLAND,MABEL.HOLLAND@sakilacustomer.org,261,"2006-02-14 22:04:36","2006-02-15 04:57:20"
257,MARSHA,DOUGLAS,MARSHA.DOUGLAS@sakilacustomer.org,262,"2006-02-14 22:04:36","2006-02-15 04:57:20"
258,MYRTLE,FLEMING,MYRTLE.FLEMING@sakilacustomer.org,263,"2006-02-14 22:04:36","2006-02-15 04:57:20"
259,LENA,JENSEN,LENA.JENSEN@sakilacustomer.org,264,"2006-02-14 22:04:36","2006-02-15 04:57:20"
260,CHRISTY,VARGAS,CHRISTY.VARGAS@sakilacustomer.org,265,"2006-02-14 22:04:36","2006-02-15 04:57:20"
261,DEANNA,BYRD,DEANNA.BYRD@sakilacustomer.org,266,"2006-02-14 22:04:36","2006-02-15 04:57:20"
262,PATSY,DAVIDSON,PATSY.DAVIDSON@sakilacustomer.org,267,"2006-02-14 22:04:36","2006-02-15 04:57:20"
263,HILDA,HOPKINS,HILDA.HOPKINS@sakilacustomer.org,268,"2006-02-14 22:04:36","2006-02-15 04:57:20"
264,GWENDOLYN,MAY,GWENDOLYN.MAY@sakilacustomer.org,269,"2006-02-14 22:04:36","2006-02-15 04:57:20"
265,JENNIE,TERRY,JENNIE.TERRY@sakilacustomer.org,270,"2006-02-14 22:04:36","2006-02-15 04:57:20"
266,NORA,HERRERA,NORA.HERRERA@sakilacustomer.org,271,"2006-02-14 22:04:36","2006-02-15 04:57:20"
267,MARGIE,WADE,MARGIE.WADE@sakilacustomer.org,272,"2006-02-14 22:04:36","2006-02-15 04:57:20"
268,NINA,SOTO,NINA.SOTO@sakilacustomer.org,273,"2006-02-14 22:04:36","2006-02-15 04:57:20"
269,CASSANDRA,WALTERS,CASSANDRA.WALTERS@sakilacustomer.org,274,"2006-02-14 22:04:36","2006-02-15 04:57:20"
270,LEAH,CURTIS,LEAH.CURTIS@sakilacustomer.org,275,"2006-02-14 22:04:36","2006-02-15 04:57:20"
271,PENNY,NEAL,PENNY.NEAL@sakilacustomer.org,276,"2006-02-14 22:04:36","2006-02-15 04:57:20"
272,KAY,CALDWELL,KAY.CALDWELL@sakilacustomer.org,277,"2006-02-14 22:04:37","2006-02-15 04:57:20"
273,PRISCILLA,LOWE,PRISCILLA.LOWE@sakilacustomer.org,278,"2006-02-14 22:04:37","2006-02-15 04:57:20"
274,NAOMI,JENNINGS,NAOMI.JENNINGS@sakilacustomer.org,279,"2006-02-14 22:04:37","2006-02-15 04:57:20"
275,CAROLE,BARNETT,CAROLE.BARNETT@sakilacustomer.org,280,"2006-02-14 22:04:37","2006-02-15 04:57:20"
276,BRANDY,GRAVES,BRANDY.GRAVES@sakilacustomer.org,281,"2006-02-14 22:04:37","2006-02-15 04:57:20"
277,OLGA,JIMENEZ,OLGA.JIMENEZ@sakilacustomer.org,282,"2006-02-14 22:04:37","2006-02-15 04:57:20"
278,BILLIE,HORTON,BILLIE.HORTON@sakilacustomer.org,283,"2006-02-14 22:04:37","2006-02-15 04:57:20"
279,DIANNE,SHELTON,DIANNE.SHELTON@sakilacustomer.org,284,"2006-02-14 22:04:37","2006-02-15 04:57:20"
280,TRACEY,BARRETT,TRACEY.BARRETT@sakilacustomer.org,285,"2006-02-14 22:04:37","2006-02-15 04:57:20"
281,LEONA,OBRIEN,LEONA.OBRIEN@sakilacustomer.org,286,"2006-02-14 22:04:37","2006-02-15 04:57:20"
282,JENNY,CASTRO,JENNY.CASTRO@sakilacustomer.org,287,"2006-02-14 22:04:37","2006-02-15 04:57:20"
283,FELICIA,SUTTON,FELICIA.SUTTON@sakilacustomer.org,288,"2006-02-14 22:04:37","2006-02-15 04:57:20"
284,SONIA,GREGORY,SONIA.GREGORY@sakilacustomer.org,289,"2006-02-14 22:04:37","2006-02-15 04:57:20"
285,MIRIAM,MCKINNEY,MIRIAM.MCKINNEY@sakilacustomer.org,290,"2006-02-14 22:04:37","2006-02-15 04:57:20"
286,VELMA,LUCAS,VELMA.LUCAS@sakilacustomer.org,291,"2006-02-14 22:04:37","2006-02-15 04:57:20"
287,BECKY,MILES,BECKY.MILES@sakilacustomer.org,292,"2006-02-14 22:04:37","2006-02-15 04:57:20"
288,BOBBIE,CRAIG,BOBBIE.CRAIG@sakilacustomer.org,293,"2006-02-14 22:04:37","2006-02-15 04:57:20"
289,VIOLET,RODRIQUEZ,VIOLET.RODRIQUEZ@sakilacustomer.org,294,"2006-02-14 22:04:37","2006-02-15 04:57:20"
290,KRISTINA,CHAMBERS,KRISTINA.CHAMBERS@sakilacustomer.org,295,"2006-02-14 22:04:37","2006-02-15 04:57:20"
291,TONI,HOLT,TONI.HOLT@sakilacustomer.org,296,"2006-02-14 22:04:37","2006-02-15 04:57:20"
292,MISTY,LAMBERT,MISTY.LAMBERT@sakilacustomer.org,297,"2006-02-14 22:04:37","2006-02-15 04:57:20"
293,MAE,FLETCHER,MAE.FLETCHER@sakilacustomer.org,298,"2006-02-14 22:04:37","2006-02-15 04:57:20"
294,SHELLY,WATTS,SHELLY.WATTS@sakilacustomer.org,299,"2006-02-14 22:04:37","2006-02-15 04:57:20"
295,DAISY,BATES,DAISY.BATES@sakilacustomer.org,300,"2006-02-14 22:04:37","2006-02-15 04:57:20"
296,RAMONA,HALE,RAMONA.HALE@sakilacustomer.org,301,"2006-02-14 22:04:37","2006-02-15 04:57:20"
297,SHERRI,RHODES,SHERRI.RHODES@sakilacustomer.org,302,"2006-02-14 22:04:37","2006-02-15 04:57:20"
298,ERIKA,PENA,ERIKA.PENA@sakilacustomer.org,303,"2006-02-14 22:04:37","2006-02-15 04:57:20"
299,JAMES,GANNON,JAMES.GANNON@sakilacustomer.org,304,"2006-02-14 22:04:37","2006-02-15 04:57:20"
300,JOHN,FARNSWORTH,JOHN.FARNSWORTH@sakilacustomer.org,305,"2006-02-14 22:04:37","2006-02-15 04:57:20"
301,ROBERT,BAUGHMAN,ROBERT.BAUGHMAN@sakilacustomer.org,306,"2006-02-14 22:04:37","2006-02-15 04:57:20"
302,MICHAEL,SILVERMAN,MICHAEL.SILVERMAN@sakilacustomer.org,307,"2006-02-14 22:04:37","2006-02-15 04:57:20"
303,WILLIAM,SATTERFIELD,WILLIAM.SATTERFIELD@sakilacustomer.org,308,"2006-02-14 22:04:37","2006-02-15 04:57:20"
304,DAVID,ROYAL,DAVID.ROYAL@sakilacustomer.org,309,"2006-02-14 22:04:37","2006-02-15 04:57:20"
305,RICHARD,MCCRARY,RICHARD.MCCRARY@sakilacustomer.org,310,"2006-02-14 22:04:37","2006-02-15 04:57:20"
306,CHARLES,KOWALSKI,CHARLES.KOWALSKI@sakilacustomer.org,311,"2006-02-14 22:04:37","2006-02-15 04:57:20"
307,JOSEPH,JOY,JOSEPH.JOY@sakilacustomer.org,312,"2006-02-14 22:04:37","2006-02-15 04:57:20"
308,THOMAS,GRIGSBY,THOMAS.GRIGSBY@sakilacustomer.org,313,"2006-02-14 22:04:37","2006-02-15 04:57:20"
309,CHRISTOPHER,GRECO,CHRISTOPHER.GRECO@sakilacustomer.org,314,"2006-02-14 22:04:37","2006-02-15 04:57:20"
310,DANIEL,CABRAL,DANIEL.CABRAL@sakilacustomer.org,315,"2006-02-14 22:04:37","2006-02-15 04:57:20"
311,PAUL,TROUT,PAUL.TROUT@sakilacustomer.org,316,"2006-02-14 22:04:37","2006-02-15 04:57:20"
312,MARK,RINEHART,MARK.RINEHART@sakilacustomer.org,317,"2006-02-14 22:04:37","2006-02-15 04:57:20"
313,DONALD,MAHON,DONALD.MAHON@sakilacustomer.org,318,"2006-02-14 22:04:37","2006-02-15 04:57:20"
314,GEORGE,LINTON,GEORGE.LINTON@sakilacustomer.org,319,"2006-02-14 22:04:37","2006-02-15 04:57:20"
315,KENNETH,GOODEN,KENNETH.GOODEN@sakilacustomer.org,320,"2006-02-14 22:04:37","2006-02-15 04:57:20"
316,STEVEN,CURLEY,STEVEN.CURLEY@sakilacustomer.org,321,"2006-02-14 22:04:37","2006-02-15 04:57:20"
317,EDWARD,BAUGH,EDWARD.BAUGH@sakilacustomer.org,322,"2006-02-14 22:04:37","2006-02-15 04:57:20"
318,BRIAN,WYMAN,BRIAN.WYMAN@sakilacustomer.org,323,"2006-02-14 22:04:37","2006-02-15 04:57:20"
319,RONALD,WEINER,RONALD.WEINER@sakilacustomer.org,324,"2006-02-14 22:04:37","2006-02-15 04:57:20"
320,ANTHONY,SCHWAB,ANTHONY.SCHWAB@sakilacustomer.org,325,"2006-02-14 22:04:37","2006-02-15 04:57:20"
321,KEVIN,SCHULER,KEVIN.SCHULER@sakilacustomer.org,326,"2006-02-14 22:04:37","2006-02-15 04:57:20"
322,JASON,MORRISSEY,JASON.MORRISSEY@sakilacustomer.org,327,"2006-02-14 22:04:37","2006-02-15 04:57:20"
323,MATTHEW,MAHAN,MATTHEW.MAHAN@sakilacustomer.org,328,"2006-02-14 22:04:37","2006-02-15 04:57:20"
324,GARY,COY,GARY.COY@sakilacustomer.org,329,"2006-02-14 22:04:37","2006-02-15 04:57:20"
325,TIMOTHY,BUNN,TIMOTHY.BUNN@sakilacustomer.org,330,"2006-02-14 22:04:37","2006-02-15 04:57:20"
326,JOSE,ANDREW,JOSE.ANDREW@sakilacustomer.org,331,"2006-02-14 22:04:37","2006-02-15 04:57:20"
327,LARRY,THRASHER,LARRY.THRASHER@sakilacustomer.org,332,"2006-02-14 22:04:37","2006-02-15 04:57:20"
328,JEFFREY,SPEAR,JEFFREY.SPEAR@sakilacustomer.org,333,"2006-02-14 22:04:37","2006-02-15 04:57:20"
329,FRANK,WAGGONER,FRANK.WAGGONER@sakilacustomer.org,334,"2006-02-14 22:04:37","2006-02-15 04:57:20"
330,SCOTT,SHELLEY,SCOTT.SHELLEY@sakilacustomer.org,335,"2006-02-14 22:04:37","2006-02-15 04:57:20"
331,ERIC,ROBERT,ERIC.ROBERT@sakilacustomer.org,336,"2006-02-14 22:04:37","2006-02-15 04:57:20"
332,STEPHEN,QUALLS,STEPHEN.QUALLS@sakilacustomer.org,337,"2006-02-14 22:04:37","2006-02-15 04:57:20"
333,ANDREW,PURDY,ANDREW.PURDY@sakilacustomer.org,338,"2006-02-14 22:04:37","2006-02-15 04:57:20"
334,RAYMOND,MCWHORTER,RAYMOND.MCWHORTER@sakilacustomer.org,339,"2006-02-14 22:04:37","2006-02-15 04:57:20"
335,GREGORY,MAULDIN,GREGORY.MAULDIN@sakilacustomer.org,340,"2006-02-14 22:04:37","2006-02-15 04:57:20"
336,JOSHUA,MARK,JOSHUA.MARK@sakilacustomer.org,341,"2006-02-14 22:04:37","2006-02-15 04:57:20"
337,JERRY,JORDON,JERRY.JORDON@sakilacustomer.org,342,"2006-02-14 22:04:37","2006-02-15 04:57:20"
338,DENNIS,GILMAN,DENNIS.GILMAN@sakilacustomer.org,343,"2006-02-14 22:04:37","2006-02-15 04:57:20"
339,WALTER,PERRYMAN,WALTER.PERRYMAN@sakilacustomer.org,344,"2006-02-14 22:04:37","2006-02-15 04:57:20"
340,PATRICK,NEWSOM,PATRICK.NEWSOM@sakilacustomer.org,345,"2006-02-14 22:04:37","2006-02-15 04:57:20"
341,PETER,MENARD,PETER.MENARD@sakilacustomer.org,346,"2006-02-14 22:04:37","2006-02-15 04:57:20"
342,HAROLD,MARTINO,HAROLD.MARTINO@sakilacustomer.org,347,"2006-02-14 22:04:37","2006-02-15 04:57:20"
343,DOUGLAS,GRAF,DOUGLAS.GRAF@sakilacustomer.org,348,"2006-02-14 22:04:37","2006-02-15 04:57:20"
344,HENRY,BILLINGSLEY,HENRY.BILLINGSLEY@sakilacustomer.org,349,"2006-02-14 22:04:37","2006-02-15 04:57:20"
345,CARL,ARTIS,CARL.ARTIS@sakilacustomer.org,350,"2006-02-14 22:04:37","2006-02-15 04:57:20"
346,ARTHUR,SIMPKINS,ARTHUR.SIMPKINS@sakilacustomer.org,351,"2006-02-14 22:04:37","2006-02-15 04:57:20"
347,RYAN,SALISBURY,RYAN.SALISBURY@sakilacustomer.org,352,"2006-02-14 22:04:37","2006-02-15 04:57:20"
348,ROGER,QUINTANILLA,ROGER.QUINTANILLA@sakilacustomer.org,353,"2006-02-14 22:04:37","2006-02-15 04:57:20"
349,JOE,GILLILAND,JOE.GILLILAND@sakilacustomer.org,354,"2006-02-14 22:04:37","2006-02-15 04:57:20"
350,JUAN,FRALEY,JUAN.FRALEY@sakilacustomer.org,355,"2006-02-14 22:04:37","2006-02-15 04:57:20"
351,JACK,FOUST,JACK.FOUST@sakilacustomer.org,356,"2006-02-14 22:04:37","2006-02-15 04:57:20"
352,ALBERT,CROUSE,ALBERT.CROUSE@sakilacustomer.org,357,"2006-02-14 22:04:37","2006-02-15 04:57:20"
353,JONATHAN,SCARBOROUGH,JONATHAN.SCARBOROUGH@sakilacustomer.org,358,"2006-02-14 22:04:37","2006-02-15 04:57:20"
354,JUSTIN,NGO,JUSTIN.NGO@sakilacustomer.org,359,"2006-02-14 22:04:37","2006-02-15 04:57:20"
355,TERRY,GRISSOM,TERRY.GRISSOM@sakilacustomer.org,360,"2006-02-14 22:04:37","2006-02-15 04:57:20"
356,GERALD,FULTZ,GERALD.FULTZ@sakilacustomer.org,361,"2006-02-14 22:04:37","2006-02-15 04:57:20"
357,KEITH,RICO,KEITH.RICO@sakilacustomer.org,362,"2006-02-14 22:04:37","2006-02-15 04:57:20"
358,SAMUEL,MARLOW,SAMUEL.MARLOW@sakilacustomer.org,363,"2006-02-14 22:04:37","2006-02-15 04:57:20"
359,WILLIE,MARKHAM,WILLIE.MARKHAM@sakilacustomer.org,364,"2006-02-14 22:04:37","2006-02-15 04:57:20"
360,RALPH,MADRIGAL,RALPH.MADRIGAL@sakilacustomer.org,365,"2006-02-14 22:04:37","2006-02-15 04:57:20"
361,LAWRENCE,LAWTON,LAWRENCE.LAWTON@sakilacustomer.org,366,"2006-02-14 22:04:37","2006-02-15 04:57:20"
362,NICHOLAS,BARFIELD,NICHOLAS.BARFIELD@sakilacustomer.org,367,"2006-02-14 22:04:37","2006-02-15 04:57:20"
363,ROY,WHITING,ROY.WHITING@sakilacustomer.org,368,"2006-02-14 22:04:37","2006-02-15 04:57:20"
364,BENJAMIN,VARNEY,BENJAMIN.VARNEY@sakilacustomer.org,369,"2006-02-14 22:04:37","2006-02-15 04:57:20"
365,BRUCE,SCHWARZ,BRUCE.SCHWARZ@sakilacustomer.org,370,"2006-02-14 22:04:37","2006-02-15 04:57:20"
366,BRANDON,HUEY,BRANDON.HUEY@sakilacustomer.org,371,"2006-02-14 22:04:37","2006-02-15 04:57:20"
367,ADAM,GOOCH,ADAM.GOOCH@sakilacustomer.org,372,"2006-02-14 22:04:37","2006-02-15 04:57:20"
368,HARRY,ARCE,HARRY.ARCE@sakilacustomer.org,373,"2006-02-14 22:04:37","2006-02-15 04:57:20"
369,FRED,WHEAT,FRED.WHEAT@sakilacustomer.org,374,"2006-02-14 22:04:37","2006-02-15 04:57:20"
370,WAYNE,TRUONG,WAYNE.TRUONG@sakilacustomer.org,375,"2006-02-14 22:04:37","2006-02-15 04:57:20"
371,BILLY,POULIN,BILLY.POULIN@sakilacustomer.org,376,"2006-02-14 22:04:37","2006-02-15 04:57:20"
372,STEVE,MACKENZIE,STEVE.MACKENZIE@sakilacustomer.org,377,"2006-02-14 22:04:37","2006-02-15 04:57:20"
373,LOUIS,LEONE,LOUIS.LEONE@sakilacustomer.org,378,"2006-02-14 22:04:37","2006-02-15 04:57:20"
374,JEREMY,HURTADO,JEREMY.HURTADO@sakilacustomer.org,379,"2006-02-14 22:04:37","2006-02-15 04:57:20"
375,AARON,SELBY,AARON.SELBY@sakilacustomer.org,380,"2006-02-14 22:04:37","2006-02-15 04:57:20"
376,RANDY,GAITHER,RANDY.GAITHER@sakilacustomer.org,381,"2006-02-14 22:04:37","2006-02-15 04:57:20"
377,HOWARD,FORTNER,HOWARD.FORTNER@sakilacustomer.org,382,"2006-02-14 22:04:37","2006-02-15 04:57:20"
378,EUGENE,CULPEPPER,EUGENE.CULPEPPER@sakilacustomer.org,383,"2006-02-14 22:04:37","2006-02-15 04:57:20"
379,CARLOS,COUGHLIN,CARLOS.COUGHLIN@sakilacustomer.org,384,"2006-02-14 22:04:37","2006-02-15 04:57:20"
380,RUSSELL,BRINSON,RUSSELL.BRINSON@sakilacustomer.org,385,"2006-02-14 22:04:37","2006-02-15 04:57:20"
381,BOBBY,BOUDREAU,BOBBY.BOUDREAU@sakilacustomer.org,386,"2006-02-14 22:04:37","2006-02-15 04:57:20"
382,VICTOR,BARKLEY,VICTOR.BARKLEY@sakilacustomer.org,387,"2006-02-14 22:04:37","2006-02-15 04:57:20"
383,MARTIN,BALES,MARTIN.BALES@sakilacustomer.org,388,"2006-02-14 22:04:37","2006-02-15 04:57:20"
384,ERNEST,STEPP,ERNEST.STEPP@sakilacustomer.org,389,"2006-02-14 22:04:37","2006-02-15 04:57:20"
385,PHILLIP,HOLM,PHILLIP.HOLM@sakilacustomer.org,390,"2006-02-14 22:04:37","2006-02-15 04:57:20"
386,TODD,TAN,TODD.TAN@sakilacustomer.org,391,"2006-02-14 22:04:37","2006-02-15 04:57:20"
387,JESSE,SCHILLING,JESSE.SCHILLING@sakilacustomer.org,392,"2006-02-14 22:04:37","2006-02-15 04:57:20"
388,CRAIG,MORRELL,CRAIG.MORRELL@sakilacustomer.org,393,"2006-02-14 22:04:37","2006-02-15 04:57:20"
389,ALAN,KAHN,ALAN.KAHN@sakilacustomer.org,394,"2006-02-14 22:04:37","2006-02-15 04:57:20"
390,SHAWN,HEATON,SHAWN.HEATON@sakilacustomer.org,395,"2006-02-14 22:04:37","2006-02-15 04:57:20"
391,CLARENCE,GAMEZ,CLARENCE.GAMEZ@sakilacustomer.org,396,"2006-02-14 22:04:37","2006-02-15 04:57:20"
392,SEAN,DOUGLASS,SEAN.DOUGLASS@sakilacustomer.org,397,"2006-02-14 22:04:37","2006-02-15 04:57:20"
393,PHILIP,CAUSEY,PHILIP.CAUSEY@sakilacustomer.org,398,"2006-02-14 22:04:37","2006-02-15 04:57:20"
394,CHRIS,BROTHERS,CHRIS.BROTHERS@sakilacustomer.org,399,"2006-02-14 22:04:37","2006-02-15 04:57:20"
395,JOHNNY,TURPIN,JOHNNY.TURPIN@sakilacustomer.org,400,"2006-02-14 22:04:37","2006-02-15 04:57:20"
396,EARL,SHANKS,EARL.SHANKS@sakilacustomer.org,401,"2006-02-14 22:04:37","2006-02-15 04:57:20"
397,JIMMY,SCHRADER,JIMMY.SCHRADER@sakilacustomer.org,402,"2006-02-14 22:04:37","2006-02-15 04:57:20"
398,ANTONIO,MEEK,ANTONIO.MEEK@sakilacustomer.org,403,"2006-02-14 22:04:37","2006-02-15 04:57:20"
399,DANNY,ISOM,DANNY.ISOM@sakilacustomer.org,404,"2006-02-14 22:04:37","2006-02-15 04:57:20"
400,BRYAN,HARDISON,BRYAN.HARDISON@sakilacustomer.org,405,"2006-02-14 22:04:37","2006-02-15 04:57:20"
401,TONY,CARRANZA,TONY.CARRANZA@sakilacustomer.org,406,"2006-02-14 22:04:37","2006-02-15 04:57:20"
402,LUIS,YANEZ,LUIS.YANEZ@sakilacustomer.org,407,"2006-02-14 22:04:37","2006-02-15 04:57:20"
403,MIKE,WAY,MIKE.WAY@sakilacustomer.org,408,"2006-02-14 22:04:37","2006-02-15 04:57:20"
404,STANLEY,SCROGGINS,STANLEY.SCROGGINS@sakilacustomer.org,409,"2006-02-14 22:04:37","2006-02-15 04:57:20"
405,LEONARD,SCHOFIELD,LEONARD.SCHOFIELD@sakilacustomer.org,410,"2006-02-14 22:04:37","2006-02-15 04:57:20"
406,NATHAN,RUNYON,NATHAN.RUNYON@sakilacustomer.org,411,"2006-02-14 22:04:37","2006-02-15 04:57:20"
407,DALE,RATCLIFF,DALE.RATCLIFF@sakilacustomer.org,412,"2006-02-14 22:04:37","2006-02-15 04:57:20"
408,MANUEL,MURRELL,MANUEL.MURRELL@sakilacustomer.org,413,"2006-02-14 22:04:37","2006-02-15 04:57:20"
409,RODNEY,MOELLER,RODNEY.MOELLER@sakilacustomer.org,414,"2006-02-14 22:04:37","2006-02-15 04:57:20"
410,CURTIS,IRBY,CURTIS.IRBY@sakilacustomer.org,415,"2006-02-14 22:04:37","2006-02-15 04:57:20"
411,NORMAN,CURRIER,NORMAN.CURRIER@sakilacustomer.org,416,"2006-02-14 22:04:37","2006-02-15 04:57:20"
412,ALLEN,BUTTERFIELD,ALLEN.BUTTERFIELD@sakilacustomer.org,417,"2006-02-14 22:04:37","2006-02-15 04:57:20"
413,MARVIN,YEE,MARVIN.YEE@sakilacustomer.org,418,"2006-02-14 22:04:37","2006-02-15 04:57:20"
414,VINCENT,RALSTON,VINCENT.RALSTON@sakilacustomer.org,419,"2006-02-14 22:04:37","2006-02-15 04:57:20"
415,GLENN,PULLEN,GLENN.PULLEN@sakilacustomer.org,420,"2006-02-14 22:04:37","2006-02-15 04:57:20"
416,JEFFERY,PINSON,JEFFERY.PINSON@sakilacustomer.org,421,"2006-02-14 22:04:37","2006-02-15 04:57:20"
417,TRAVIS,ESTEP,TRAVIS.ESTEP@sakilacustomer.org,422,"2006-02-14 22:04:37","2006-02-15 04:57:20"
418,JEFF,EAST,JEFF.EAST@sakilacustomer.org,423,"2006-02-14 22:04:37","2006-02-15 04:57:20"
419,CHAD,CARBONE,CHAD.CARBONE@sakilacustomer.org,424,"2006-02-14 22:04:37","2006-02-15 04:57:20"
420,JACOB,LANCE,JACOB.LANCE@sakilacustomer.org,425,"2006-02-14 22:04:37","2006-02-15 04:57:20"
421,LEE,HAWKS,LEE.HAWKS@sakilacustomer.org,426,"2006-02-14 22:04:37","2006-02-15 04:57:20"
422,MELVIN,ELLINGTON,MELVIN.ELLINGTON@sakilacustomer.org,427,"2006-02-14 22:04:37","2006-02-15 04:57:20"
423,ALFRED,CASILLAS,ALFRED.CASILLAS@sakilacustomer.org,428,"2006-02-14 22:04:37","2006-02-15 04:57:20"
424,KYLE,SPURLOCK,KYLE.SPURLOCK@sakilacustomer.org,429,"2006-02-14 22:04:37","2006-02-15 04:57:20"
425,FRANCIS,SIKES,FRANCIS.SIKES@sakilacustomer.org,430,"2006-02-14 22:04:37","2006-02-15 04:57:20"
426,BRADLEY,MOTLEY,BRADLEY.MOTLEY@sakilacustomer.org,431,"2006-02-14 22:04:37","2006-02-15 04:57:20"
427,JESUS,MCCARTNEY,JESUS.MCCARTNEY@sakilacustomer.org,432,"2006-02-14 22:04:37","2006-02-15 04:57:20"
428,HERBERT,KRUGER,HERBERT.KRUGER@sakilacustomer.org,433,"2006-02-14 22:04:37","2006-02-15 04:57:20"
429,FREDERICK,ISBELL,FREDERICK.ISBELL@sakilacustomer.org,434,"2006-02-14 22:04:37","2006-02-15 04:57:20"
430,RAY,HOULE,RAY.HOULE@sakilacustomer.org,435,"2006-02-14 22:04:37","2006-02-15 04:57:20"
431,JOEL,FRANCISCO,JOEL.FRANCISCO@sakilacustomer.org,436,"2006-02-14 22:04:37","2006-02-15 04:57:20"
432,EDWIN,BURK,EDWIN.BURK@sakilacustomer.org,437,"2006-02-14 22:04:37","2006-02-15 04:57:20"
433,DON,BONE,DON.BONE@sakilacustomer.org,438,"2006-02-14 22:04:37","2006-02-15 04:57:20"
434,EDDIE,TOMLIN,EDDIE.TOMLIN@sakilacustomer.org,439,"2006-02-14 22:04:37","2006-02-15 04:57:20"
435,RICKY,SHELBY,RICKY.SHELBY@sakilacustomer.org,440,"2006-02-14 22:04:37","2006-02-15 04:57:20"
436,TROY,QUIGLEY,TROY.QUIGLEY@sakilacustomer.org,441,"2006-02-14 22:04:37","2006-02-15 04:57:20"
437,RANDALL,NEUMANN,RANDALL.NEUMANN@sakilacustomer.org,442,"2006-02-14 22:04:37","2006-02-15 04:57:20"
438,BARRY,LOVELACE,BARRY.LOVELACE@sakilacustomer.org,443,"2006-02-14 22:04:37","2006-02-15 04:57:20"
439,ALEXANDER,FENNELL,ALEXANDER.FENNELL@sakilacustomer.org,444,"2006-02-14 22:04:37","2006-02-15 04:57:20"
440,BERNARD,COLBY,BERNARD.COLBY@sakilacustomer.org,445,"2006-02-14 22:04:37","2006-02-15 04:57:20"
441,MARIO,CHEATHAM,MARIO.CHEATHAM@sakilacustomer.org,446,"2006-02-14 22:04:37","2006-02-15 04:57:20"
442,LEROY,BUSTAMANTE,LEROY.BUSTAMANTE@sakilacustomer.org,447,"2006-02-14 22:04:37","2006-02-15 04:57:20"
443,FRANCISCO,SKIDMORE,FRANCISCO.SKIDMORE@sakilacustomer.org,448,"2006-02-14 22:04:37","2006-02-15 04:57:20"
444,MARCUS,HIDALGO,MARCUS.HIDALGO@sakilacustomer.org,449,"2006-02-14 22:04:37","2006-02-15 04:57:20"
445,MICHEAL,FORMAN,MICHEAL.FORMAN@sakilacustomer.org,450,"2006-02-14 22:04:37","2006-02-15 04:57:20"
446,THEODORE,CULP,THEODORE.CULP@sakilacustomer.org,451,"2006-02-14 22:04:37","2006-02-15 04:57:20"
447,CLIFFORD,BOWENS,CLIFFORD.BOWENS@sakilacustomer.org,452,"2006-02-14 22:04:37","2006-02-15 04:57:20"
448,MIGUEL,BETANCOURT,MIGUEL.BETANCOURT@sakilacustomer.org,453,"2006-02-14 22:04:37","2006-02-15 04:57:20"
449,OSCAR,AQUINO,OSCAR.AQUINO@sakilacustomer.org,454,"2006-02-14 22:04:37","2006-02-15 04:57:20"
450,JAY,ROBB,JAY.ROBB@sakilacustomer.org,455,"2006-02-14 22:04:37","2006-02-15 04:57:20"
451,JIM,REA,JIM.REA@sakilacustomer.org,456,"2006-02-14 22:04:37","2006-02-15 04:57:20"
452,TOM,MILNER,TOM.MILNER@sakilacustomer.org,457,"2006-02-14 22:04:37","2006-02-15 04:57:20"
453,CALVIN,MARTEL,CALVIN.MARTEL@sakilacustomer.org,458,"2006-02-14 22:04:37","2006-02-15 04:57:20"
454,ALEX,GRESHAM,ALEX.GRESHAM@sakilacustomer.org,459,"2006-02-14 22:04:37","2006-02-15 04:57:20"
455,JON,WILES,JON.WILES@sakilacustomer.org,460,"2006-02-14 22:04:37","2006-02-15 04:57:20"
456,RONNIE,RICKETTS,RONNIE.RICKETTS@sakilacustomer.org,461,"2006-02-14 22:04:37","2006-02-15 04:57:20"
457,BILL,GAVIN,BILL.GAVIN@sakilacustomer.org,462,"2006-02-14 22:04:37","2006-02-15 04:57:20"
458,LLOYD,DOWD,LLOYD.DOWD@sakilacustomer.org,463,"2006-02-14 22:04:37","2006-02-15 04:57:20"
459,TOMMY,COLLAZO,TOMMY.COLLAZO@sakilacustomer.org,464,"2006-02-14 22:04:37","2006-02-15 04:57:20"
460,LEON,BOSTIC,LEON.BOSTIC@sakilacustomer.org,465,"2006-02-14 22:04:37","2006-02-15 04:57:20"
461,DEREK,BLAKELY,DEREK.BLAKELY@sakilacustomer.org,466,"2006-02-14 22:04:37","2006-02-15 04:57:20"
462,WARREN,SHERROD,WARREN.SHERROD@sakilacustomer.org,467,"2006-02-14 22:04:37","2006-02-15 04:57:20"
463,DARRELL,POWER,DARRELL.POWER@sakilacustomer.org,468,"2006-02-14 22:04:37","2006-02-15 04:57:20"
464,JEROME,KENYON,JEROME.KENYON@sakilacustomer.org,469,"2006-02-14 22:04:37","2006-02-15 04:57:20"
465,FLOYD,GANDY,FLOYD.GANDY@sakilacustomer.org,470,"2006-02-14 22:04:37","2006-02-15 04:57:20"
466,LEO,EBERT,LEO.EBERT@sakilacustomer.org,471,"2006-02-14 22:04:37","2006-02-15 04:57:20"
467,ALVIN,DELOACH,ALVIN.DELOACH@sakilacustomer.org,472,"2006-02-14 22:04:37","2006-02-15 04:57:20"
468,TIM,CARY,TIM.CARY@sakilacustomer.org,473,"2006-02-14 22:04:37","2006-02-15 04:57:20"
469,WESLEY,BULL,WESLEY.BULL@sakilacustomer.org,474,"2006-02-14 22:04:37","2006-02-15 04:57:20"
470,GORDON,ALLARD,GORDON.ALLARD@sakilacustomer.org,475,"2006-02-14 22:04:37","2006-02-15 04:57:20"
471,DEAN,SAUER,DEAN.SAUER@sakilacustomer.org,476,"2006-02-14 22:04:37","2006-02-15 04:57:20"
472,GREG,ROBINS,GREG.ROBINS@sakilacustomer.org,477,"2006-02-14 22:04:37","2006-02-15 04:57:20"
473,JORGE,OLIVARES,JORGE.OLIVARES@sakilacustomer.org,478,"2006-02-14 22:04:37","2006-02-15 04:57:20"
474,DUSTIN,GILLETTE,DUSTIN.GILLETTE@sakilacustomer.org,479,"2006-02-14 22:04:37","2006-02-15 04:57:20"
475,PEDRO,CHESTNUT,PEDRO.CHESTNUT@sakilacustomer.org,480,"2006-02-14 22:04:37","2006-02-15 04:57:20"
476,DERRICK,BOURQUE,DERRICK.BOURQUE@sakilacustomer.org,481,"2006-02-14 22:04:37","2006-02-15 04:57:20"
477,DAN,PAINE,DAN.PAINE@sakilacustomer.org,482,"2006-02-14 22:04:37","2006-02-15 04:57:20"
478,LEWIS,LYMAN,LEWIS.LYMAN@sakilacustomer.org,483,"2006-02-14 22:04:37","2006-02-15 04:57:20"
479,ZACHARY,HITE,ZACHARY.HITE@sakilacustomer.org,484,"2006-02-14 22:04:37","2006-02-15 04:57:20"
480,COREY,HAUSER,COREY.HAUSER@sakilacustomer.org,485,"2006-02-14 22:04:37","2006-02-15 04:57:20"
481,HERMAN,DEVORE,HERMAN.DEVORE@sakilacustomer.org,486,"2006-02-14 22:04:37","2006-02-15 04:57:20"
482,MAURICE,CRAWLEY,MAURICE.CRAWLEY@sakilacustomer.org,487,"2006-02-14 22:04:37","2006-02-15 04:57:20"
483,VERNON,CHAPA,VERNON.CHAPA@sakilacustomer.org,488,"2006-02-14 22:04:37","2006-02-15 04:57:20"
484,ROBERTO,VU,ROBERTO.VU@sakilacustomer.org,489,"2006-02-14 22:04:37","2006-02-15 04:57:20"
485,CLYDE,TOBIAS,CLYDE.TOBIAS@sakilacustomer.org,490,"2006-02-14 22:04:37","2006-02-15 04:57:20"
486,GLEN,TALBERT,GLEN.TALBERT@sakilacustomer.org,491,"2006-02-14 22:04:37","2006-02-15 04:57:20"
487,HECTOR,POINDEXTER,HECTOR.POINDEXTER@sakilacustomer.org,492,"2006-02-14 22:04:37","2006-02-15 04:57:20"
488,SHANE,MILLARD,SHANE.MILLARD@sakilacustomer.org,493,"2006-02-14 22:04:37","2006-02-15 04:57:20"
489,RICARDO,MEADOR,RICARDO.MEADOR@sakilacustomer.org,494,"2006-02-14 22:04:37","2006-02-15 04:57:20"
490,SAM,MCDUFFIE,SAM.MCDUFFIE@sakilacustomer.org,495,"2006-02-14 22:04:37","2006-02-15 04:57:20"
491,RICK,MATTOX,RICK.MATTOX@sakilacustomer.org,496,"2006-02-14 22:04:37","2006-02-15 04:57:20"
492,LESTER,KRAUS,LESTER.KRAUS@sakilacustomer.org,497,"2006-02-14 22:04:37","2006-02-15 04:57:20"
493,BRENT,HARKINS,BRENT.HARKINS@sakilacustomer.org,498,"2006-02-14 22:04:37","2006-02-15 04:57:20"
494,RAMON,CHOATE,RAMON.CHOATE@sakilacustomer.org,499,"2006-02-14 22:04:37","2006-02-15 04:57:20"
495,CHARLIE,BESS,CHARLIE.BESS@sakilacustomer.org,500,"2006-02-14 22:04:37","2006-02-15 04:57:20"
496,TYLER,WREN,TYLER.WREN@sakilacustomer.org,501,"2006-02-14 22:04:37","2006-02-15 04:57:20"
497,GILBERT,SLEDGE,GILBERT.SLEDGE@sakilacustomer.org,502,"2006-02-14 22:04:37","2006-02-15 04:57:20"
498,GENE,SANBORN,GENE.SANBORN@sakilacustomer.org,503,"2006-02-14 22:04:37","2006-02-15 04:57:20"
499,MARC,OUTLAW,MARC.OUTLAW@sakilacustomer.org,504,"2006-02-14 22:04:37","2006-02-15 04:57:20"
500,REGINALD,KINDER,REGINALD.KINDER@sakilacustomer.org,505,"2006-02-14 22:04:37","2006-02-15 04:57:20"
501,RUBEN,GEARY,RUBEN.GEARY@sakilacustomer.org,506,"2006-02-14 22:04:37","2006-02-15 04:57:20"
502,BRETT,CORNWELL,BRETT.CORNWELL@sakilacustomer.org,507,"2006-02-14 22:04:37","2006-02-15 04:57:20"
503,ANGEL,BARCLAY,ANGEL.BARCLAY@sakilacustomer.org,508,"2006-02-14 22:04:37","2006-02-15 04:57:20"
504,NATHANIEL,ADAM,NATHANIEL.ADAM@sakilacustomer.org,509,"2006-02-14 22:04:37","2006-02-15 04:57:20"
505,RAFAEL,ABNEY,RAFAEL.ABNEY@sakilacustomer.org,510,"2006-02-14 22:04:37","2006-02-15 04:57:20"
506,LESLIE,SEWARD,LESLIE.SEWARD@sakilacustomer.org,511,"2006-02-14 22:04:37","2006-02-15 04:57:20"
507,EDGAR,RHOADS,EDGAR.RHOADS@sakilacustomer.org,512,"2006-02-14 22:04:37","2006-02-15 04:57:20"
508,MILTON,HOWLAND,MILTON.HOWLAND@sakilacustomer.org,513,"2006-02-14 22:04:37","2006-02-15 04:57:20"
509,RAUL,FORTIER,RAUL.FORTIER@sakilacustomer.org,514,"2006-02-14 22:04:37","2006-02-15 04:57:20"
510,BEN,EASTER,BEN.EASTER@sakilacustomer.org,515,"2006-02-14 22:04:37","2006-02-15 04:57:20"
511,CHESTER,BENNER,CHESTER.BENNER@sakilacustomer.org,516,"2006-02-14 22:04:37","2006-02-15 04:57:20"
512,CECIL,VINES,CECIL.VINES@sakilacustomer.org,517,"2006-02-14 22:04:37","2006-02-15 04:57:20"
513,DUANE,TUBBS,DUANE.TUBBS@sakilacustomer.org,519,"2006-02-14 22:04:37","2006-02-15 04:57:20"
514,FRANKLIN,TROUTMAN,FRANKLIN.TROUTMAN@sakilacustomer.org,520,"2006-02-14 22:04:37","2006-02-15 04:57:20"
515,ANDRE,RAPP,ANDRE.RAPP@sakilacustomer.org,521,"2006-02-14 22:04:37","2006-02-15 04:57:20"
516,ELMER,NOE,ELMER.NOE@sakilacustomer.org,522,"2006-02-14 22:04:37","2006-02-15 04:57:20"
517,BRAD,MCCURDY,BRAD.MCCURDY@sakilacustomer.org,523,"2006-02-14 22:04:37","2006-02-15 04:57:20"
518,GABRIEL,HARDER,GABRIEL.HARDER@sakilacustomer.org,524,"2006-02-14 22:04:37","2006-02-15 04:57:20"
519,RON,DELUCA,RON.DELUCA@sakilacustomer.org,525,"2006-02-14 22:04:37","2006-02-15 04:57:20"
520,MITCHELL,WESTMORELAND,MITCHELL.WESTMORELAND@sakilacustomer.org,526,"2006-02-14 22:04:37","2006-02-15 04:57:20"
521,ROLAND,SOUTH,ROLAND.SOUTH@sakilacustomer.org,527,"2006-02-14 22:04:37","2006-02-15 04:57:20"
522,ARNOLD,HAVENS,ARNOLD.HAVENS@sakilacustomer.org,528,"2006-02-14 22:04:37","2006-02-15 04:57:20"
523,HARVEY,GUAJARDO,HARVEY.GUAJARDO@sakilacustomer.org,529,"2006-02-14 22:04:37","2006-02-15 04:57:20"
524,JARED,ELY,JARED.ELY@sakilacustomer.org,530,"2006-02-14 22:04:37","2006-02-15 04:57:20"
525,ADRIAN,CLARY,ADRIAN.CLARY@sakilacustomer.org,531,"2006-02-14 22:04:37","2006-02-15 04:57:20"
526,KARL,SEAL,KARL.SEAL@sakilacustomer.org,532,"2006-02-14 22:04:37","2006-02-15 04:57:20"
527,CORY,MEEHAN,CORY.MEEHAN@sakilacustomer.org,533,"2006-02-14 22:04:37","2006-02-15 04:57:20"
528,CLAUDE,HERZOG,CLAUDE.HERZOG@sakilacustomer.org,534,"2006-02-14 22:04:37","2006-02-15 04:57:20"
529,ERIK,GUILLEN,ERIK.GUILLEN@sakilacustomer.org,535,"2006-02-14 22:04:37","2006-02-15 04:57:20"
530,DARRYL,ASHCRAFT,DARRYL.ASHCRAFT@sakilacustomer.org,536,"2006-02-14 22:04:37","2006-02-15 04:57:20"
531,JAMIE,WAUGH,JAMIE.WAUGH@sakilacustomer.org,537,"2006-02-14 22:04:37","2006-02-15 04:57:20"
532,NEIL,RENNER,NEIL.RENNER@sakilacustomer.org,538,"2006-02-14 22:04:37","2006-02-15 04:57:20"
533,JESSIE,MILAM,JESSIE.MILAM@sakilacustomer.org,539,"2006-02-14 22:04:37","2006-02-15 04:57:20"
534,CHRISTIAN,JUNG,CHRISTIAN.JUNG@sakilacustomer.org,540,"2006-02-14 22:04:37","2006-02-15 04:57:20"
535,JAVIER,ELROD,JAVIER.ELROD@sakilacustomer.org,541,"2006-02-14 22:04:37","2006-02-15 04:57:20"
536,FERNANDO,CHURCHILL,FERNANDO.CHURCHILL@sakilacustomer.org,542,"2006-02-14 22:04:37","2006-02-15 04:57:20"
537,CLINTON,BUFORD,CLINTON.BUFORD@sakilacustomer.org,543,"2006-02-14 22:04:37","2006-02-15 04:57:20"
538,TED,BREAUX,TED.BREAUX@sakilacustomer.org,544,"2006-02-14 22:04:37","2006-02-15 04:57:20"
539,MATHEW,BOLIN,MATHEW.BOLIN@sakilacustomer.org,545,"2006-02-14 22:04:37","2006-02-15 04:57:20"
540,TYRONE,ASHER,TYRONE.ASHER@sakilacustomer.org,546,"2006-02-14 22:04:37","2006-02-15 04:57:20"
541,DARREN,WINDHAM,DARREN.WINDHAM@sakilacustomer.org,547,"2006-02-14 22:04:37","2006-02-15 04:57:20"
542,LONNIE,TIRADO,LONNIE.TIRADO@sakilacustomer.org,548,"2006-02-14 22:04:37","2006-02-15 04:57:20"
543,LANCE,PEMBERTON,LANCE.PEMBERTON@sakilacustomer.org,549,"2006-02-14 22:04:37","2006-02-15 04:57:20"
544,CODY,NOLEN,CODY.NOLEN@sakilacustomer.org,550,"2006-02-14 22:04:37","2006-02-15 04:57:20"
545,JULIO,NOLAND,JULIO.NOLAND@sakilacustomer.org,551,"2006-02-14 22:04:37","2006-02-15 04:57:20"
546,KELLY,KNOTT,KELLY.KNOTT@sakilacustomer.org,552,"2006-02-14 22:04:37","2006-02-15 04:57:20"
547,KURT,EMMONS,KURT.EMMONS@sakilacustomer.org,553,"2006-02-14 22:04:37","2006-02-15 04:57:20"
548,ALLAN,CORNISH,ALLAN.CORNISH@sakilacustomer.org,554,"2006-02-14 22:04:37","2006-02-15 04:57:20"
549,NELSON,CHRISTENSON,NELSON.CHRISTENSON@sakilacustomer.org,555,"2006-02-14 22:04:37","2006-02-15 04:57:20"
550,GUY,BROWNLEE,GUY.BROWNLEE@sakilacustomer.org,556,"2006-02-14 22:04:37","2006-02-15 04:57:20"
551,CLAYTON,BARBEE,CLAYTON.BARBEE@sakilacustomer.org,557,"2006-02-14 22:04:37","2006-02-15 04:57:20"
552,HUGH,WALDROP,HUGH.WALDROP@sakilacustomer.org,558,"2006-02-14 22:04:37","2006-02-15 04:57:20"
553,MAX,PITT,MAX.PITT@sakilacustomer.org,559,"2006-02-14 22:04:37","2006-02-15 04:57:20"
554,DWAYNE,OLVERA,DWAYNE.OLVERA@sakilacustomer.org,560,"2006-02-14 22:04:37","2006-02-15 04:57:20"
555,DWIGHT,LOMBARDI,DWIGHT.LOMBARDI@sakilacustomer.org,561,"2006-02-14 22:04:37","2006-02-15 04:57:20"
556,ARMANDO,GRUBER,ARMANDO.GRUBER@sakilacustomer.org,562,"2006-02-14 22:04:37","2006-02-15 04:57:20"
557,FELIX,GAFFNEY,FELIX.GAFFNEY@sakilacustomer.org,563,"2006-02-14 22:04:37","2006-02-15 04:57:20"
558,JIMMIE,EGGLESTON,JIMMIE.EGGLESTON@sakilacustomer.org,564,"2006-02-14 22:04:37","2006-02-15 04:57:20"
559,EVERETT,BANDA,EVERETT.BANDA@sakilacustomer.org,565,"2006-02-14 22:04:37","2006-02-15 04:57:20"
560,JORDAN,ARCHULETA,JORDAN.ARCHULETA@sakilacustomer.org,566,"2006-02-14 22:04:37","2006-02-15 04:57:20"
561,IAN,STILL,IAN.STILL@sakilacustomer.org,567,"2006-02-14 22:04:37","2006-02-15 04:57:20"
562,WALLACE,SLONE,WALLACE.SLONE@sakilacustomer.org,568,"2006-02-14 22:04:37","2006-02-15 04:57:20"
563,KEN,PREWITT,KEN.PREWITT@sakilacustomer.org,569,"2006-02-14 22:04:37","2006-02-15 04:57:20"
564,BOB,PFEIFFER,BOB.PFEIFFER@sakilacustomer.org,570,"2006-02-14 22:04:37","2006-02-15 04:57:20"
565,JAIME,NETTLES,JAIME.NETTLES@sakilacustomer.org,571,"2006-02-14 22:04:37","2006-02-15 04:57:20"
566,CASEY,MENA,CASEY.MENA@sakilacustomer.org,572,"2006-02-14 22:04:37","2006-02-15 04:57:20"
567,ALFREDO,MCADAMS,ALFREDO.MCADAMS@sakilacustomer.org,573,"2006-02-14 22:04:37","2006-02-15 04:57:20"
568,ALBERTO,HENNING,ALBERTO.HENNING@sakilacustomer.org,574,"2006-02-14 22:04:37","2006-02-15 04:57:20"
569,DAVE,GARDINER,DAVE.GARDINER@sakilacustomer.org,575,"2006-02-14 22:04:37","2006-02-15 04:57:20"
570,IVAN,CROMWELL,IVAN.CROMWELL@sakilacustomer.org,576,"2006-02-14 22:04:37","2006-02-15 04:57:20"
571,JOHNNIE,CHISHOLM,JOHNNIE.CHISHOLM@sakilacustomer.org,577,"2006-02-14 22:04:37","2006-02-15 04:57:20"
572,SIDNEY,BURLESON,SIDNEY.BURLESON@sakilacustomer.org,578,"2006-02-14 22:04:37","2006-02-15 04:57:20"
573,BYRON,BOX,BYRON.BOX@sakilacustomer.org,579,"2006-02-14 22:04:37","2006-02-15 04:57:20"
574,JULIAN,VEST,JULIAN.VEST@sakilacustomer.org,580,"2006-02-14 22:04:37","2006-02-15 04:57:20"
575,ISAAC,OGLESBY,ISAAC.OGLESBY@sakilacustomer.org,581,"2006-02-14 22:04:37","2006-02-15 04:57:20"
576,MORRIS,MCCARTER,MORRIS.MCCARTER@sakilacustomer.org,582,"2006-02-14 22:04:37","2006-02-15 04:57:20"
577,CLIFTON,MALCOLM,CLIFTON.MALCOLM@sakilacustomer.org,583,"2006-02-14 22:04:37","2006-02-15 04:57:20"
578,WILLARD,LUMPKIN,WILLARD.LUMPKIN@sakilacustomer.org,584,"2006-02-14 22:04:37","2006-02-15 04:57:20"
579,DARYL,LARUE,DARYL.LARUE@sakilacustomer.org,585,"2006-02-14 22:04:37","2006-02-15 04:57:20"
580,ROSS,GREY,ROSS.GREY@sakilacustomer.org,586,"2006-02-14 22:04:37","2006-02-15 04:57:20"
581,VIRGIL,WOFFORD,VIRGIL.WOFFORD@sakilacustomer.org,587,"2006-02-14 22:04:37","2006-02-15 04:57:20"
582,ANDY,VANHORN,ANDY.VANHORN@sakilacustomer.org,588,"2006-02-14 22:04:37","2006-02-15 04:57:20"
583,MARSHALL,THORN,MARSHALL.THORN@sakilacustomer.org,589,"2006-02-14 22:04:37","2006-02-15 04:57:20"
584,SALVADOR,TEEL,SALVADOR.TEEL@sakilacustomer.org,590,"2006-02-14 22:04:37","2006-02-15 04:57:20"
585,PERRY,SWAFFORD,PERRY.SWAFFORD@sakilacustomer.org,591,"2006-02-14 22:04:37","2006-02-15 04:57:20"
586,KIRK,STCLAIR,KIRK.STCLAIR@sakilacustomer.org,592,"2006-02-14 22:04:37","2006-02-15 04:57:20"
587,SERGIO,STANFIELD,SERGIO.STANFIELD@sakilacustomer.org,593,"2006-02-14 22:04:37","2006-02-15 04:57:20"
588,MARION,OCAMPO,MARION.OCAMPO@sakilacustomer.org,594,"2006-02-14 22:04:37","2006-02-15 04:57:20"
589,TRACY,HERRMANN,TRACY.HERRMANN@sakilacustomer.org,595,"2006-02-14 22:04:37","2006-02-15 04:57:20"
590,SETH,HANNON,SETH.HANNON@sakilacustomer.org,596,"2006-02-14 22:04:37","2006-02-15 04:57:20"
591,KENT,ARSENAULT,KENT.ARSENAULT@sakilacustomer.org,597,"2006-02-14 22:04:37","2006-02-15 04:57:20"
592,TERRANCE,ROUSH,TERRANCE.ROUSH@sakilacustomer.org,598,"2006-02-14 22:04:37","2006-02-15 04:57:20"
593,RENE,MCALISTER,RENE.MCALISTER@sakilacustomer.org,599,"2006-02-14 22:04:37","2006-02-15 04:57:20"
594,EDUARDO,HIATT,EDUARDO.HIATT@sakilacustomer.org,600,"2006-02-14 22:04:37","2006-02-15 04:57:20"
595,TERRENCE,GUNDERSON,TERRENCE.GUNDERSON@sakilacustomer.org,601,"2006-02-14 22:04:37","2006-02-15 04:57:20"
596,ENRIQUE,FORSYTHE,ENRIQUE.FORSYTHE@sakilacustomer.org,602,"2006-02-14 22:04:37","2006-02-15 04:57:20"
597,FREDDIE,DUGGAN,FREDDIE.DUGGAN@sakilacustomer.org,603,"2006-02-14 22:04:37","2006-02-15 04:57:20"
598,WADE,DELVALLE,WADE.DELVALLE@sakilacustomer.org,604,"2006-02-14 22:04:37","2006-02-15 04:57:20"
599,AUSTIN,CINTRON,AUSTIN.CINTRON@sakilacustomer.org,605,"2006-02-14 22:04:37","2006-02-15 04:57:20"
